yr,holiday,workingday,temp,hum,windspeed,cnt,spring,summer,winter,cloudy,rainy,mnth_sin,mnth_cos,weekday_sin,weekday_cos
0,0,0,14.110847,80.5833,10.749882000000001,985,1,0,0,1,0,0.0,1.0,-0.7818314824680299,0.6234898018587334
0,0,0,14.902598000000001,69.6087,16.652113,801,1,0,0,1,0,0.0,1.0,0.0,1.0
0,0,1,8.050924,43.7273,16.636703,1349,1,0,0,0,0,0.0,1.0,0.7818314824680297,0.6234898018587336
0,0,1,8.2,59.0435,10.739832,1562,1,0,0,0,0,0.0,1.0,0.9749279121818236,-0.22252093395631434
0,0,1,9.305237,43.6957,12.5223,1600,1,0,0,0,0,0.0,1.0,0.43388373911755823,-0.900968867902419
0,0,1,8.378267999999998,51.8261,6.0008684,1606,1,0,0,0,0,0.0,1.0,-0.433883739117558,-0.9009688679024191
0,0,1,8.057402,49.8696,11.304642,1510,1,0,0,1,0,0.0,1.0,-0.9749279121818235,-0.2225209339563146
0,0,0,6.765,53.5833,17.875868,959,1,0,0,1,0,0.0,1.0,-0.7818314824680299,0.6234898018587334
0,0,0,5.671653,43.4167,24.25065,822,1,0,0,0,0,0.0,1.0,0.0,1.0
0,0,1,6.184153,48.2917,14.958889000000001,1321,1,0,0,0,0,0.0,1.0,0.7818314824680297,0.6234898018587336
0,0,1,6.9327309999999995,68.6364,8.182844000000001,1263,1,0,0,1,0,0.0,1.0,0.9749279121818236,-0.22252093395631434
0,0,1,7.081807,59.9545,20.410009,1162,1,0,0,0,0,0.0,1.0,0.43388373911755823,-0.900968867902419
0,0,1,6.765,47.0417,20.167,1406,1,0,0,0,0,0.0,1.0,-0.433883739117558,-0.9009688679024191
0,0,1,6.59567,53.7826,8.478716,1421,1,0,0,0,0,0.0,1.0,-0.9749279121818235,-0.2225209339563146
0,0,0,9.566653,49.875,10.583521000000001,1248,1,0,0,1,0,0.0,1.0,-0.7818314824680299,0.6234898018587334
0,0,0,9.498347,48.375,12.625011,1204,1,0,0,0,0,0.0,1.0,0.0,1.0
0,1,0,7.209153,53.75,12.999139,1000,1,0,0,1,0,0.0,1.0,0.7818314824680297,0.6234898018587336
0,0,1,8.883347,86.1667,9.833925,683,1,0,0,1,0,0.0,1.0,0.9749279121818236,-0.22252093395631434
0,0,1,11.979134,74.1739,13.957239000000001,1650,1,0,0,1,0,0.0,1.0,0.43388373911755823,-0.900968867902419
0,0,1,10.728347,53.8333,13.125568,1927,1,0,0,1,0,0.0,1.0,-0.433883739117558,-0.9009688679024191
0,0,1,7.2775,45.7083,23.667214,1543,1,0,0,0,0,0.0,1.0,-0.9749279121818235,-0.2225209339563146
0,0,0,2.4243464,40.0,11.521989999999999,981,1,0,0,0,0,0.0,1.0,-0.7818314824680299,0.6234898018587334
0,0,0,3.9573897000000002,43.6522,16.5222,986,1,0,0,0,0,0.0,1.0,0.0,1.0
0,0,1,3.9930432999999996,49.1739,10.60811,1416,1,0,0,0,0,0.0,1.0,0.7818314824680297,0.6234898018587336
0,0,1,9.162598,61.6957,8.696332,1985,1,0,0,1,0,0.0,1.0,0.9749279121818236,-0.22252093395631434
0,0,1,8.9175,86.25,19.68795,506,1,0,0,0,1,0.0,1.0,0.43388373911755823,-0.900968867902419
0,0,1,7.995,68.75,7.627078999999999,431,1,0,0,0,0,0.0,1.0,-0.433883739117558,-0.9009688679024191
0,0,1,8.342597999999999,79.3043,8.2611,1167,1,0,0,1,0,0.0,1.0,-0.9749279121818235,-0.2225209339563146
0,0,0,8.057402,65.1739,9.739455,1098,1,0,0,0,0,0.0,1.0,-0.7818314824680299,0.6234898018587334
0,0,0,8.877402,72.2174,4.9568342,1096,1,0,0,0,0,0.0,1.0,0.0,1.0
0,0,1,7.414153,60.375,12.541864,1501,1,0,0,1,0,0.0,1.0,0.7818314824680297,0.6234898018587336
0,0,1,7.879134,82.9565,3.565271,1360,1,0,0,1,0,0.49999999999999994,0.8660254037844387,0.9749279121818236,-0.22252093395631434
0,0,1,10.66,77.5417,17.708636,1526,1,0,0,1,0,0.49999999999999994,0.8660254037844387,0.43388373911755823,-0.900968867902419
0,0,1,7.665236999999999,43.7826,18.609384,1550,1,0,0,0,0,0.49999999999999994,0.8660254037844387,-0.433883739117558,-0.9009688679024191
0,0,1,8.663464,58.5217,8.565213,1708,1,0,0,1,0,0.49999999999999994,0.8660254037844387,-0.9749279121818235,-0.2225209339563146
0,0,0,9.566653,92.9167,10.792292999999999,1005,1,0,0,1,0,0.49999999999999994,0.8660254037844387,-0.7818314824680299,0.6234898018587334
0,0,0,11.719153,56.8333,9.5006,1623,1,0,0,0,0,0.49999999999999994,0.8660254037844387,0.0,1.0
0,0,1,11.138347,73.8333,3.0423561,1712,1,0,0,0,0,0.49999999999999994,0.8660254037844387,0.7818314824680297,0.6234898018587336
0,0,1,9.054153,53.7917,24.25065,1530,1,0,0,0,0,0.49999999999999994,0.8660254037844387,0.9749279121818236,-0.22252093395631434
0,0,1,5.526103,49.4783,12.652213,1605,1,0,0,1,0,0.49999999999999994,0.8660254037844387,0.43388373911755823,-0.900968867902419
0,0,1,5.918268,43.7391,14.869645000000002,1538,1,0,0,0,0,0.49999999999999994,0.8660254037844387,-0.433883739117558,-0.9009688679024191
0,0,1,7.752731,50.6364,7.27285,1746,1,0,0,0,0,0.49999999999999994,0.8660254037844387,-0.9749279121818235,-0.2225209339563146
0,0,0,9.1225,54.4167,13.625589000000002,1472,1,0,0,0,0,0.49999999999999994,0.8660254037844387,-0.7818314824680299,0.6234898018587334
0,0,0,12.977402,45.7391,17.479160999999998,1589,1,0,0,0,0,0.49999999999999994,0.8660254037844387,0.0,1.0
0,0,1,17.015,37.5833,27.999836,1913,1,0,0,0,0,0.49999999999999994,0.8660254037844387,0.7818314824680297,0.6234898018587336
0,0,1,10.909567,31.4348,19.522057999999998,1815,1,0,0,0,0,0.49999999999999994,0.8660254037844387,0.9749279121818236,-0.22252093395631434
0,0,1,13.048701,42.3478,16.869997,2115,1,0,0,0,0,0.49999999999999994,0.8660254037844387,0.43388373911755823,-0.900968867902419
0,0,1,17.869153,50.5,15.416967999999999,2475,1,0,0,0,0,0.49999999999999994,0.8660254037844387,-0.433883739117558,-0.9009688679024191
0,0,1,21.388347,51.6667,17.749975,2927,1,0,0,0,0,0.49999999999999994,0.8660254037844387,-0.9749279121818235,-0.2225209339563146
0,0,0,16.365847,18.7917,34.000021000000004,1635,1,0,0,0,0,0.49999999999999994,0.8660254037844387,-0.7818314824680299,0.6234898018587334
0,0,0,11.693897,40.7826,14.956745000000002,1812,1,0,0,0,0,0.49999999999999994,0.8660254037844387,0.0,1.0
0,1,0,12.436653,60.5,20.625682,1107,1,0,0,1,0,0.49999999999999994,0.8660254037844387,0.7818314824680297,0.6234898018587336
0,0,1,7.471102,57.7778,13.110760999999998,1450,1,0,0,0,0,0.49999999999999994,0.8660254037844387,0.9749279121818236,-0.22252093395631434
0,0,1,9.091299000000001,42.3043,6.305571,1917,1,0,0,0,0,0.49999999999999994,0.8660254037844387,0.43388373911755823,-0.900968867902419
0,0,1,12.121732000000002,69.7391,16.783232,1807,1,0,0,1,0,0.49999999999999994,0.8660254037844387,-0.433883739117558,-0.9009688679024191
0,0,1,14.938267999999999,71.2174,23.218113,1461,1,0,0,1,0,0.49999999999999994,0.8660254037844387,-0.9749279121818235,-0.2225209339563146
0,0,0,11.5825,53.7917,12.500257000000001,1969,1,0,0,0,0,0.49999999999999994,0.8660254037844387,-0.7818314824680299,0.6234898018587334
0,0,0,14.082598,68.0,8.391616,2402,1,0,0,0,0,0.49999999999999994,0.8660254037844387,0.0,1.0
0,0,1,16.698193,87.6364,19.408962,1446,1,0,0,1,0,0.49999999999999994,0.8660254037844387,0.7818314824680297,0.6234898018587336
0,0,1,10.933347,53.5,14.500475,1851,1,0,0,0,0,0.8660254037844386,0.5000000000000001,0.9749279121818236,-0.22252093395631434
0,0,1,13.735,44.9583,20.624810999999998,2134,1,0,0,0,0,0.8660254037844386,0.5000000000000001,0.43388373911755823,-0.900968867902419
0,0,1,8.131653,31.8333,15.125518,1685,1,0,0,0,0,0.8660254037844386,0.5000000000000001,-0.433883739117558,-0.9009688679024191
0,0,1,10.728347,61.0417,13.624182000000001,1944,1,0,0,1,0,0.8660254037844386,0.5000000000000001,-0.9749279121818235,-0.2225209339563146
0,0,0,15.750847,78.9167,16.875357,2077,1,0,0,1,0,0.8660254037844386,0.5000000000000001,-0.7818314824680299,0.6234898018587334
0,0,0,15.437401999999999,94.8261,23.000229,605,1,0,0,1,0,0.8660254037844386,0.5000000000000001,0.0,1.0
0,0,1,10.731299,55.1304,22.870584,1872,1,0,0,0,0,0.8660254037844386,0.5000000000000001,0.7818314824680297,0.6234898018587336
0,0,1,11.9925,42.0833,8.08355,2133,1,0,0,0,0,0.8660254037844386,0.5000000000000001,0.9749279121818236,-0.22252093395631434
0,0,1,12.129153,77.5417,14.75005,1891,1,0,0,1,0,0.8660254037844386,0.5000000000000001,0.43388373911755823,-0.900968867902419
0,0,1,15.952731,0.0,17.545759,623,1,0,0,0,1,0.8660254037844386,0.5000000000000001,-0.433883739117558,-0.9009688679024191
0,0,1,12.977402,64.9565,15.608989999999999,1977,1,0,0,1,0,0.8660254037844386,0.5000000000000001,-0.9749279121818235,-0.2225209339563146
0,0,0,13.495847,59.4583,14.791925,2132,1,0,0,0,0,0.8660254037844386,0.5000000000000001,-0.7818314824680299,0.6234898018587334
0,0,0,15.758268,52.7391,18.130468,2417,1,0,0,0,0,0.8660254037844386,0.5000000000000001,0.0,1.0
0,0,1,13.333897,49.6957,9.174042,2046,1,0,0,0,0,0.8660254037844386,0.5000000000000001,0.7818314824680297,0.6234898018587336
0,0,1,13.013031,65.5652,12.348703,2056,1,0,0,1,0,0.8660254037844386,0.5000000000000001,0.9749279121818236,-0.22252093395631434
0,0,1,14.973897000000001,77.6522,13.608839000000001,2192,1,0,0,1,0,0.8660254037844386,0.5000000000000001,0.43388373911755823,-0.900968867902419
0,0,1,17.015,60.2917,14.041792999999998,2744,1,0,0,0,0,0.8660254037844386,0.5000000000000001,-0.433883739117558,-0.9009688679024191
0,0,1,22.14,52.5217,15.478139,3239,1,0,0,0,0,0.8660254037844386,0.5000000000000001,-0.9749279121818235,-0.2225209339563146
0,0,0,19.3725,37.9167,24.667189,3117,1,0,0,0,0,0.8660254037844386,0.5000000000000001,-0.7818314824680299,0.6234898018587334
0,0,0,13.6325,47.375,13.917307000000001,2471,1,0,0,0,0,0.8660254037844386,0.5000000000000001,0.0,1.0
0,0,1,17.647835,73.7391,19.348461,2077,0,1,0,1,0,0.8660254037844386,0.5000000000000001,0.7818314824680297,0.6234898018587336
0,0,1,18.108347,62.4583,15.12525,2703,0,1,0,0,0,0.8660254037844386,0.5000000000000001,0.9749279121818236,-0.22252093395631434
0,0,1,14.225237,83.9565,15.695487,2121,0,1,0,1,0,0.8660254037844386,0.5000000000000001,0.43388373911755823,-0.900968867902419
0,0,1,11.685,80.5833,16.333729,1865,0,1,0,1,0,0.8660254037844386,0.5000000000000001,-0.433883739117558,-0.9009688679024191
0,0,1,10.830847,49.5,15.458575,2210,0,1,0,0,0,0.8660254037844386,0.5000000000000001,-0.9749279121818235,-0.2225209339563146
0,0,0,10.899153,39.4167,14.041257,2496,0,1,0,0,0,0.8660254037844386,0.5000000000000001,-0.7818314824680299,0.6234898018587334
0,0,0,10.374763,49.3913,12.3481,1693,0,1,0,1,0,0.8660254037844386,0.5000000000000001,0.0,1.0
0,0,1,10.838268,30.2174,14.217668,2028,0,1,0,0,0,0.8660254037844386,0.5000000000000001,0.7818314824680297,0.6234898018587336
0,0,1,12.4025,31.4167,15.208732000000001,2425,0,1,0,0,0,0.8660254037844386,0.5000000000000001,0.9749279121818236,-0.22252093395631434
0,0,1,12.3,64.6667,11.583496,1536,0,1,0,1,0,0.8660254037844386,0.5000000000000001,0.43388373911755823,-0.900968867902419
0,0,1,11.001653,91.8333,14.582282000000001,1685,0,1,0,0,1,0.8660254037844386,0.5000000000000001,-0.433883739117558,-0.9009688679024191
0,0,1,12.3,68.625,17.333436,2227,0,1,0,1,0,1.0,6.123233995736766e-17,-0.9749279121818235,-0.2225209339563146
0,0,0,12.915,65.375,13.208782000000001,2252,0,1,0,1,0,1.0,6.123233995736766e-17,-0.7818314824680299,0.6234898018587334
0,0,0,15.511652999999999,48.0,12.208271,3249,0,1,0,0,0,1.0,6.123233995736766e-17,0.0,1.0
0,0,1,23.506653,42.625,25.833257,3115,0,1,0,0,0,1.0,6.123233995736766e-17,0.7818314824680297,0.6234898018587336
0,0,1,16.980847,64.2083,26.000489,1795,0,1,0,1,0,1.0,6.123233995736766e-17,0.9749279121818236,-0.22252093395631434
0,0,1,16.024153,47.0833,17.625221,2808,0,1,0,0,0,1.0,6.123233995736766e-17,0.43388373911755823,-0.900968867902419
0,0,1,17.9375,60.2917,10.874903999999999,3141,0,1,0,0,0,1.0,6.123233995736766e-17,-0.433883739117558,-0.9009688679024191
0,0,1,13.769153,83.625,15.208464000000001,1471,0,1,0,1,0,1.0,6.123233995736766e-17,-0.9749279121818235,-0.2225209339563146
0,0,0,14.0425,87.75,8.916561,2455,0,1,0,1,0,1.0,6.123233995736766e-17,-0.7818314824680299,0.6234898018587334
0,0,0,17.493347,85.75,9.833389,2895,0,1,0,1,0,1.0,6.123233995736766e-17,0.0,1.0
0,0,1,24.421732000000002,71.6956,21.739758,3348,0,1,0,1,0,1.0,6.123233995736766e-17,0.7818314824680297,0.6234898018587336
0,0,1,20.6025,73.9167,18.416892999999998,2034,0,1,0,1,0,1.0,6.123233995736766e-17,0.9749279121818236,-0.22252093395631434
0,0,1,16.9125,81.9167,16.791339,2162,0,1,0,1,0,1.0,6.123233995736766e-17,0.43388373911755823,-0.900968867902419
0,0,1,19.1675,54.0417,7.4169,3267,0,1,0,0,0,1.0,6.123233995736766e-17,-0.433883739117558,-0.9009688679024191
0,1,0,18.313347,67.125,15.167125,3126,0,1,0,0,0,1.0,6.123233995736766e-17,-0.9749279121818235,-0.2225209339563146
0,0,0,17.664153,88.8333,22.834135999999997,795,0,1,0,0,1,1.0,6.123233995736766e-17,-0.7818314824680299,0.6234898018587334
0,0,0,18.723347,47.9583,20.334232,3744,0,1,0,0,0,1.0,6.123233995736766e-17,0.0,1.0
0,0,1,21.0125,54.25,10.958989,3429,0,1,0,0,0,1.0,6.123233995736766e-17,0.7818314824680297,0.6234898018587336
0,0,1,20.739152999999998,66.5833,10.584057000000001,3204,0,1,0,1,0,1.0,6.123233995736766e-17,0.9749279121818236,-0.22252093395631434
0,0,1,24.395,61.4167,16.208975,3944,0,1,0,0,0,1.0,6.123233995736766e-17,0.43388373911755823,-0.900968867902419
0,0,1,18.825847,40.7083,21.792285999999997,4189,0,1,0,0,0,1.0,6.123233995736766e-17,-0.433883739117558,-0.9009688679024191
0,0,1,13.803347,72.9583,14.707907,1683,0,1,0,1,0,1.0,6.123233995736766e-17,-0.9749279121818235,-0.2225209339563146
0,0,0,18.86,88.7917,15.458575,4036,0,1,0,1,0,1.0,6.123233995736766e-17,-0.7818314824680299,0.6234898018587334
0,0,0,23.848347,81.0833,12.875725,4191,0,1,0,1,0,1.0,6.123233995736766e-17,0.0,1.0
0,0,1,24.873347,77.6667,12.417311,4073,0,1,0,0,0,1.0,6.123233995736766e-17,0.7818314824680297,0.6234898018587336
0,0,1,25.898347,72.9167,21.8755,4400,0,1,0,0,0,1.0,6.123233995736766e-17,0.9749279121818236,-0.22252093395631434
0,0,1,25.42,83.5417,20.9174,3872,0,1,0,1,0,1.0,6.123233995736766e-17,0.43388373911755823,-0.900968867902419
0,0,1,25.3175,70.0833,21.500836,4058,0,1,0,1,0,1.0,6.123233995736766e-17,-0.433883739117558,-0.9009688679024191
0,0,1,20.91,45.7083,16.084221,4595,0,1,0,0,0,1.0,6.123233995736766e-17,-0.9749279121818235,-0.2225209339563146
0,0,0,19.3725,50.3333,15.750025,5312,0,1,0,0,0,1.0,6.123233995736766e-17,-0.7818314824680299,0.6234898018587334
0,0,0,18.518347,76.2083,7.125717999999999,3351,0,1,0,1,0,0.8660254037844388,-0.4999999999999998,0.0,1.0
0,0,1,22.515847,73.0,12.291418,4401,0,1,0,1,0,0.8660254037844388,-0.4999999999999998,0.7818314824680297,0.6234898018587336
0,0,1,25.283347,69.7083,22.958689,4451,0,1,0,1,0,0.8660254037844388,-0.4999999999999998,0.9749279121818236,-0.22252093395631434
0,0,1,16.980847,73.7083,22.042732,2633,0,1,0,1,0,0.8660254037844388,-0.4999999999999998,0.43388373911755823,-0.900968867902419
0,0,1,18.825847,44.4167,19.791264,4433,0,1,0,0,0,0.8660254037844388,-0.4999999999999998,-0.433883739117558,-0.9009688679024191
0,0,1,19.645847,59.0,15.292482000000001,4608,0,1,0,0,0,0.8660254037844388,-0.4999999999999998,-0.9749279121818235,-0.2225209339563146
0,0,0,21.32,54.125,10.75015,4714,0,1,0,0,0,0.8660254037844388,-0.4999999999999998,-0.7818314824680299,0.6234898018587334
0,0,0,21.661653,63.1667,5.0007125,4333,0,1,0,0,0,0.8660254037844388,-0.4999999999999998,0.0,1.0
0,0,1,21.8325,58.875,11.792,4362,0,1,0,0,0,0.8660254037844388,-0.4999999999999998,0.7818314824680297,0.6234898018587336
0,0,1,21.8325,48.9167,7.749957000000001,4803,0,1,0,0,0,0.8660254037844388,-0.4999999999999998,0.9749279121818236,-0.22252093395631434
0,0,1,22.2425,63.2917,8.083014,4182,0,1,0,0,0,0.8660254037844388,-0.4999999999999998,0.43388373911755823,-0.900968867902419
0,0,1,21.935,74.75,12.707689,4864,0,1,0,0,0,0.8660254037844388,-0.4999999999999998,-0.433883739117558,-0.9009688679024191
0,0,1,21.0125,86.3333,12.041575,4105,0,1,0,1,0,0.8660254037844388,-0.4999999999999998,-0.9749279121818235,-0.2225209339563146
0,0,0,21.354153,92.25,9.04165,3409,0,1,0,1,0,0.8660254037844388,-0.4999999999999998,-0.7818314824680299,0.6234898018587334
0,0,0,23.0625,86.7083,10.249592999999999,4553,0,1,0,1,0,0.8660254037844388,-0.4999999999999998,0.0,1.0
0,0,1,23.6775,78.7917,8.500357000000001,3958,0,1,0,0,0,0.8660254037844388,-0.4999999999999998,0.7818314824680297,0.6234898018587336
0,0,1,23.028347,83.7917,18.582718,4123,0,1,0,1,0,0.8660254037844388,-0.4999999999999998,0.9749279121818236,-0.22252093395631434
0,0,1,22.55,87.0,13.499964000000002,3855,0,1,0,1,0,0.8660254037844388,-0.4999999999999998,0.43388373911755823,-0.900968867902419
0,0,1,21.764153,82.9583,7.250271000000001,4575,0,1,0,1,0,0.8660254037844388,-0.4999999999999998,-0.433883739117558,-0.9009688679024191
0,0,1,22.003347,71.9583,8.375871,4917,0,1,0,0,0,0.8660254037844388,-0.4999999999999998,-0.9749279121818235,-0.2225209339563146
0,0,0,24.7025,62.6667,8.08355,5805,0,1,0,0,0,0.8660254037844388,-0.4999999999999998,-0.7818314824680299,0.6234898018587334
0,0,0,24.770847,74.9583,9.916536,4660,0,1,0,0,0,0.8660254037844388,-0.4999999999999998,0.0,1.0
0,0,1,25.898347,81.0,15.667414,4274,0,1,0,1,0,0.8660254037844388,-0.4999999999999998,0.7818314824680297,0.6234898018587336
0,0,1,27.06,74.0833,13.875164000000002,4492,0,1,0,1,0,0.8660254037844388,-0.4999999999999998,0.9749279121818236,-0.22252093395631434
0,0,1,27.094153000000002,69.625,10.333611,4978,0,1,0,0,0,0.8660254037844388,-0.4999999999999998,0.43388373911755823,-0.900968867902419
0,0,1,29.041653000000004,67.75,13.376014000000001,4677,0,1,0,0,0,0.8660254037844388,-0.4999999999999998,-0.433883739117558,-0.9009688679024191
0,0,1,27.948347,65.375,16.125493,4679,0,1,0,0,0,0.8660254037844388,-0.4999999999999998,-0.9749279121818235,-0.2225209339563146
0,0,0,26.889153000000004,72.9583,15.416164000000002,4758,0,1,0,0,0,0.8660254037844388,-0.4999999999999998,-0.7818314824680299,0.6234898018587334
0,0,0,27.3675,81.875,14.333846,4788,0,1,0,0,0,0.8660254037844388,-0.4999999999999998,0.0,1.0
0,1,0,30.066653000000002,68.5,8.792075,4098,0,1,0,0,0,0.8660254037844388,-0.4999999999999998,0.7818314824680297,0.6234898018587336
0,0,1,31.775,63.6667,7.459042999999999,3982,0,1,0,0,0,0.8660254037844388,-0.4999999999999998,0.9749279121818236,-0.22252093395631434
0,0,1,31.330847,67.7083,13.875164000000002,3974,0,1,0,1,0,0.5000000000000003,-0.8660254037844385,0.43388373911755823,-0.900968867902419
0,0,1,29.315,30.5,19.583229,4968,0,1,0,0,0,0.5000000000000003,-0.8660254037844385,-0.433883739117558,-0.9009688679024191
0,0,1,25.42,35.4167,16.959107,5312,0,1,0,0,0,0.5000000000000003,-0.8660254037844385,-0.9749279121818235,-0.2225209339563146
0,0,0,26.035,45.625,8.250514,5342,0,1,0,0,0,0.5000000000000003,-0.8660254037844385,-0.7818314824680299,0.6234898018587334
0,0,0,26.581653000000003,65.25,9.292364,4906,0,1,0,1,0,0.5000000000000003,-0.8660254037844385,0.0,1.0
0,0,1,27.811653000000003,60.0,8.167032,4548,0,1,0,0,0,0.5000000000000003,-0.8660254037844385,0.7818314824680297,0.6234898018587336
0,0,1,29.0075,59.7917,12.583136,4833,0,1,0,0,0,0.5000000000000003,-0.8660254037844385,0.9749279121818236,-0.22252093395631434
0,0,1,31.809153000000002,62.2083,9.166739,4401,0,1,0,0,0,0.5000000000000003,-0.8660254037844385,0.43388373911755823,-0.900968867902419
0,0,1,33.141653000000005,56.8333,10.042161,3915,0,1,0,1,0,0.5000000000000003,-0.8660254037844385,-0.433883739117558,-0.9009688679024191
0,0,1,30.955,60.5,9.417117999999999,4586,0,1,0,0,0,0.5000000000000003,-0.8660254037844385,-0.9749279121818235,-0.2225209339563146
0,0,0,29.725,65.4583,10.37495,4966,0,1,0,0,0,0.5000000000000003,-0.8660254037844385,-0.7818314824680299,0.6234898018587334
0,0,0,28.3925,74.7917,10.958989,4460,0,1,0,0,0,0.5000000000000003,-0.8660254037844385,0.0,1.0
0,0,1,26.035,49.4583,20.45845,5020,0,1,0,0,0,0.5000000000000003,-0.8660254037844385,0.7818314824680297,0.6234898018587336
0,0,1,24.770847,50.7083,18.041960999999997,4891,0,1,0,0,0,0.5000000000000003,-0.8660254037844385,0.9749279121818236,-0.22252093395631434
0,0,1,25.693347,47.1667,11.250103999999999,5180,0,1,0,0,0,0.5000000000000003,-0.8660254037844385,0.43388373911755823,-0.900968867902419
0,0,1,25.761653,68.8333,13.833557,3767,0,1,0,1,0,0.5000000000000003,-0.8660254037844385,-0.433883739117558,-0.9009688679024191
0,0,1,26.615847,73.5833,9.582942999999998,4844,0,1,0,0,0,0.5000000000000003,-0.8660254037844385,-0.9749279121818235,-0.2225209339563146
0,0,0,28.563346999999997,67.0417,8.000336,5119,0,1,0,0,0,0.5000000000000003,-0.8660254037844385,-0.7818314824680299,0.6234898018587334
0,0,0,28.665846999999996,66.6667,6.834,4744,0,1,0,1,0,0.5000000000000003,-0.8660254037844385,0.0,1.0
0,0,1,26.035,74.625,10.416825,4010,0,1,0,1,0,0.5000000000000003,-0.8660254037844385,0.7818314824680297,0.6234898018587336
0,0,1,27.914153000000002,77.0417,11.458675,4835,0,0,0,1,0,0.5000000000000003,-0.8660254037844385,0.9749279121818236,-0.22252093395631434
0,0,1,30.066653000000002,70.75,11.541554,4507,0,0,0,0,0,0.5000000000000003,-0.8660254037844385,0.43388373911755823,-0.900968867902419
0,0,1,29.861653000000004,70.3333,15.999868,4790,0,0,0,1,0,0.5000000000000003,-0.8660254037844385,-0.433883739117558,-0.9009688679024191
0,0,1,29.690846999999998,57.3333,14.875675,4991,0,0,0,0,0,0.5000000000000003,-0.8660254037844385,-0.9749279121818235,-0.2225209339563146
0,0,0,28.495,48.3333,14.041257,5202,0,0,0,0,0,0.5000000000000003,-0.8660254037844385,-0.7818314824680299,0.6234898018587334
0,0,0,27.88,51.3333,6.3337311,5305,0,0,0,0,0,0.5000000000000003,-0.8660254037844385,0.0,1.0
0,0,1,27.9825,65.8333,7.2083960000000005,4708,0,0,0,1,0,0.5000000000000003,-0.8660254037844385,0.7818314824680297,0.6234898018587336
0,0,1,30.510847,63.4167,9.666961,4648,0,0,0,0,0,0.5000000000000003,-0.8660254037844385,0.9749279121818236,-0.22252093395631434
0,0,1,29.861653000000004,49.7917,17.542007,5225,0,0,0,0,0,0.5000000000000003,-0.8660254037844385,0.43388373911755823,-0.900968867902419
0,0,1,28.563346999999997,43.4167,12.415904,5515,0,0,0,0,0,0.5000000000000003,-0.8660254037844385,-0.433883739117558,-0.9009688679024191
0,0,1,29.6225,39.625,6.874736,5362,0,0,0,0,0,1.2246467991473532e-16,-1.0,-0.9749279121818235,-0.2225209339563146
0,0,0,30.271653000000004,44.4583,7.709153999999999,5119,0,0,0,0,0,1.2246467991473532e-16,-1.0,-0.7818314824680299,0.6234898018587334
0,0,0,29.383346999999997,68.25,15.333485999999999,4649,0,0,0,1,0,1.2246467991473532e-16,-1.0,0.0,1.0
0,1,0,29.793346999999997,63.7917,5.4591064000000005,6043,0,0,0,1,0,1.2246467991473532e-16,-1.0,0.7818314824680297,0.6234898018587336
0,0,1,30.613346999999997,59.0417,8.459286,4665,0,0,0,0,0,1.2246467991473532e-16,-1.0,0.9749279121818236,-0.22252093395631434
0,0,1,29.52,74.3333,10.042161,4629,0,0,0,0,0,1.2246467991473532e-16,-1.0,0.43388373911755823,-0.900968867902419
0,0,1,30.75,65.125,10.6664,4592,0,0,0,0,0,1.2246467991473532e-16,-1.0,-0.433883739117558,-0.9009688679024191
0,0,1,29.075846999999996,75.7917,15.083642999999999,4040,0,0,0,1,0,1.2246467991473532e-16,-1.0,-0.9749279121818235,-0.2225209339563146
0,0,0,30.066653000000002,60.9167,11.250103999999999,5336,0,0,0,0,0,1.2246467991473532e-16,-1.0,-0.7818314824680299,0.6234898018587334
0,0,0,30.6475,57.8333,12.292557,4881,0,0,0,0,0,1.2246467991473532e-16,-1.0,0.0,1.0
0,0,1,31.2625,63.5833,18.916579000000002,4086,0,0,0,0,0,1.2246467991473532e-16,-1.0,0.7818314824680297,0.6234898018587336
0,0,1,32.560846999999995,55.9167,13.417017999999999,4258,0,0,0,0,0,1.2246467991473532e-16,-1.0,0.9749279121818236,-0.22252093395631434
0,0,1,30.613346999999997,63.1667,9.790911,4342,0,0,0,0,0,1.2246467991473532e-16,-1.0,0.43388373911755823,-0.900968867902419
0,0,1,27.914153000000002,47.625,16.124689,5084,0,0,0,0,0,1.2246467991473532e-16,-1.0,-0.433883739117558,-0.9009688679024191
0,0,1,27.196653,59.125,12.249811,5538,0,0,0,0,0,1.2246467991473532e-16,-1.0,-0.9749279121818235,-0.2225209339563146
0,0,0,28.153346999999997,58.5,13.958914000000002,5923,0,0,0,0,0,1.2246467991473532e-16,-1.0,-0.7818314824680299,0.6234898018587334
0,0,0,29.485846999999996,60.4167,16.417210999999998,5302,0,0,0,0,0,1.2246467991473532e-16,-1.0,0.0,1.0
0,0,1,30.613346999999997,65.125,14.458867999999999,4458,0,0,0,0,0,1.2246467991473532e-16,-1.0,0.7818314824680297,0.6234898018587336
0,0,1,31.843346999999998,65.0417,8.7502,4541,0,0,0,0,0,1.2246467991473532e-16,-1.0,0.9749279121818236,-0.22252093395631434
0,0,1,31.501653000000005,70.7083,7.625739,4332,0,0,0,0,0,1.2246467991473532e-16,-1.0,0.43388373911755823,-0.900968867902419
0,0,1,33.415,69.125,14.875407000000001,3784,0,0,0,1,0,1.2246467991473532e-16,-1.0,-0.433883739117558,-0.9009688679024191
0,0,1,34.781653000000006,58.0417,8.9177,3387,0,0,0,0,0,1.2246467991473532e-16,-1.0,-0.9749279121818235,-0.2225209339563146
0,0,0,34.815847,50.0,8.791807,3285,0,0,0,0,0,1.2246467991473532e-16,-1.0,-0.7818314824680299,0.6234898018587334
0,0,0,34.03,55.0833,11.334457,3606,0,0,0,0,0,1.2246467991473532e-16,-1.0,0.0,1.0
0,0,1,30.476653000000002,75.7083,6.0841560999999995,3840,0,0,0,0,0,1.2246467991473532e-16,-1.0,0.7818314824680297,0.6234898018587336
0,0,1,31.638346999999996,54.0833,13.417285999999999,4590,0,0,0,0,0,1.2246467991473532e-16,-1.0,0.9749279121818236,-0.22252093395631434
0,0,1,31.775,40.2917,12.292021,4656,0,0,0,0,0,1.2246467991473532e-16,-1.0,0.43388373911755823,-0.900968867902419
0,0,1,31.945846999999997,58.3333,11.958093,4390,0,0,0,0,0,1.2246467991473532e-16,-1.0,-0.433883739117558,-0.9009688679024191
0,0,1,34.371653,54.25,11.667246,3846,0,0,0,0,0,1.2246467991473532e-16,-1.0,-0.9749279121818235,-0.2225209339563146
0,0,0,32.970847,46.5833,11.291979,4475,0,0,0,0,0,1.2246467991473532e-16,-1.0,-0.7818314824680299,0.6234898018587334
0,0,0,33.039153000000006,48.0833,11.042471,4302,0,0,0,0,0,1.2246467991473532e-16,-1.0,0.0,1.0
0,0,1,31.638346999999996,55.0833,10.500039,4266,0,0,0,0,0,-0.4999999999999998,-0.8660254037844388,0.7818314824680297,0.6234898018587336
0,0,1,32.116653,49.125,13.79195,4845,0,0,0,0,0,-0.4999999999999998,-0.8660254037844388,0.9749279121818236,-0.22252093395631434
0,0,1,29.998346999999995,65.75,9.084061,3574,0,0,0,1,0,-0.4999999999999998,-0.8660254037844388,0.43388373911755823,-0.900968867902419
0,0,1,29.11,75.75,13.20905,4576,0,0,0,1,0,-0.4999999999999998,-0.8660254037844388,-0.433883739117558,-0.9009688679024191
0,0,1,29.144153000000003,63.0833,12.374632,4866,0,0,0,0,0,-0.4999999999999998,-0.8660254037844388,-0.9749279121818235,-0.2225209339563146
0,0,0,29.383346999999997,75.5,15.29275,4294,0,0,0,1,0,-0.4999999999999998,-0.8660254037844388,-0.7818314824680299,0.6234898018587334
0,0,0,30.4425,75.2917,13.499629,3785,0,0,0,0,0,-0.4999999999999998,-0.8660254037844388,0.0,1.0
0,0,1,31.365,59.2083,12.875725,4326,0,0,0,0,0,-0.4999999999999998,-0.8660254037844388,0.7818314824680297,0.6234898018587336
0,0,1,31.775,57.0417,10.125107,4602,0,0,0,0,0,-0.4999999999999998,-0.8660254037844388,0.9749279121818236,-0.22252093395631434
0,0,1,31.433346999999998,42.4167,13.417285999999999,4780,0,0,0,0,0,-0.4999999999999998,-0.8660254037844388,0.43388373911755823,-0.900968867902419
0,0,1,29.4175,42.375,11.041332,4792,0,0,0,0,0,-0.4999999999999998,-0.8660254037844388,-0.433883739117558,-0.9009688679024191
0,0,1,29.041653000000004,41.5,8.416607,4905,0,0,0,0,0,-0.4999999999999998,-0.8660254037844388,-0.9749279121818235,-0.2225209339563146
0,0,0,28.119153000000004,72.9583,14.167418,4150,0,0,0,1,0,-0.4999999999999998,-0.8660254037844388,-0.7818314824680299,0.6234898018587334
0,0,0,27.743346999999996,81.75,14.916410999999998,3820,0,0,0,1,0,-0.4999999999999998,-0.8660254037844388,0.0,1.0
0,0,1,27.299153000000004,71.2083,13.999918,4338,0,0,0,0,0,-0.4999999999999998,-0.8660254037844388,0.7818314824680297,0.6234898018587336
0,0,1,28.734153000000003,57.8333,15.834043,4725,0,0,0,0,0,-0.4999999999999998,-0.8660254037844388,0.9749279121818236,-0.22252093395631434
0,0,1,29.656653000000002,57.5417,9.625689,4694,0,0,0,0,0,-0.4999999999999998,-0.8660254037844388,0.43388373911755823,-0.900968867902419
0,0,1,29.178347,65.4583,15.624935999999998,3805,0,0,0,0,0,-0.4999999999999998,-0.8660254037844388,-0.433883739117558,-0.9009688679024191
0,0,1,28.085,72.2917,9.333636,4153,0,0,0,1,0,-0.4999999999999998,-0.8660254037844388,-0.9749279121818235,-0.2225209339563146
0,0,0,28.5975,67.4167,6.999289,5191,0,0,0,0,0,-0.4999999999999998,-0.8660254037844388,-0.7818314824680299,0.6234898018587334
0,0,0,29.144153000000003,77.0,16.666518,3873,0,0,0,0,0,-0.4999999999999998,-0.8660254037844388,0.0,1.0
0,0,1,28.358347,47.0,18.54225,4758,0,0,0,0,0,-0.4999999999999998,-0.8660254037844388,0.7818314824680297,0.6234898018587336
0,0,1,26.274153000000002,45.5417,9.833121,5895,0,0,0,0,0,-0.4999999999999998,-0.8660254037844388,0.9749279121818236,-0.22252093395631434
0,0,1,27.606653,60.5,16.958236,5130,0,0,0,0,0,-0.4999999999999998,-0.8660254037844388,0.43388373911755823,-0.900968867902419
0,0,1,28.050846999999997,77.1667,14.125810999999999,3542,0,0,0,1,0,-0.4999999999999998,-0.8660254037844388,-0.433883739117558,-0.9009688679024191
0,0,1,28.7,76.125,5.6254875,4661,0,0,0,0,0,-0.4999999999999998,-0.8660254037844388,-0.9749279121818235,-0.2225209339563146
0,0,0,27.88,85.0,25.166339,1115,0,0,0,1,0,-0.4999999999999998,-0.8660254037844388,-0.7818314824680299,0.6234898018587334
0,0,0,28.989419,56.1765,20.412153,4334,0,0,0,0,0,-0.4999999999999998,-0.8660254037844388,0.0,1.0
0,0,1,26.103347,55.4583,10.708275,4634,0,0,0,0,0,-0.4999999999999998,-0.8660254037844388,0.7818314824680297,0.6234898018587336
0,0,1,26.205847,54.8333,8.375536,5204,0,0,0,0,0,-0.4999999999999998,-0.8660254037844388,0.9749279121818236,-0.22252093395631434
0,0,1,26.923346999999996,59.7917,5.5833311,5058,0,0,0,0,0,-0.4999999999999998,-0.8660254037844388,0.43388373911755823,-0.900968867902419
0,0,1,26.855,63.9167,9.500332,5115,0,0,0,0,0,-0.8660254037844384,-0.5000000000000004,-0.433883739117558,-0.9009688679024191
0,0,1,26.376653000000005,72.7083,9.375243,4727,0,0,0,1,0,-0.8660254037844384,-0.5000000000000004,-0.9749279121818235,-0.2225209339563146
0,0,0,27.435846999999995,71.6667,12.416775,4484,0,0,0,0,0,-0.8660254037844384,-0.5000000000000004,-0.7818314824680299,0.6234898018587334
0,0,0,29.075846999999996,74.2083,13.833289,4940,0,0,0,0,0,-0.8660254037844384,-0.5000000000000004,0.0,1.0
0,1,0,27.606653,79.0417,14.250632000000001,3351,0,0,0,1,0,-0.8660254037844384,-0.5000000000000004,0.7818314824680297,0.6234898018587336
0,0,1,22.14,88.6957,23.044181,2710,0,0,0,0,1,-0.8660254037844384,-0.5000000000000004,0.9749279121818236,-0.22252093395631434
0,0,1,24.565847,91.7083,6.5003936,1996,0,0,0,0,1,-0.8660254037844384,-0.5000000000000004,0.43388373911755823,-0.900968867902419
0,0,1,25.990433,93.9565,12.914116,1842,0,0,0,0,1,-0.8660254037844384,-0.5000000000000004,-0.433883739117558,-0.9009688679024191
0,0,1,26.65,89.7917,8.333393,3544,0,0,0,1,0,-0.8660254037844384,-0.5000000000000004,-0.9749279121818235,-0.2225209339563146
0,0,0,27.06,75.375,10.291736,5345,0,0,0,0,0,-0.8660254037844384,-0.5000000000000004,-0.7818314824680299,0.6234898018587334
0,0,0,26.786653,71.375,7.7086179999999995,5046,0,0,0,0,0,-0.8660254037844384,-0.5000000000000004,0.0,1.0
0,0,1,26.418267999999998,69.2174,5.957171,4713,0,0,0,0,0,-0.8660254037844384,-0.5000000000000004,0.7818314824680297,0.6234898018587336
0,0,1,26.684153000000002,71.25,9.500867999999999,4763,0,0,0,0,0,-0.8660254037844384,-0.5000000000000004,0.9749279121818236,-0.22252093395631434
0,0,1,27.606653,69.7083,11.2091,4785,0,0,0,0,0,-0.8660254037844384,-0.5000000000000004,0.43388373911755823,-0.900968867902419
0,0,1,23.6775,70.9167,18.166782,3659,0,0,0,1,0,-0.8660254037844384,-0.5000000000000004,-0.433883739117558,-0.9009688679024191
0,0,1,19.235847,59.0417,11.000261,4760,0,0,0,1,0,-0.8660254037844384,-0.5000000000000004,-0.9749279121818235,-0.2225209339563146
0,0,0,20.158347,71.8333,12.708225,4511,0,0,0,1,0,-0.8660254037844384,-0.5000000000000004,-0.7818314824680299,0.6234898018587334
0,0,0,20.8075,69.5,11.958361,4274,0,0,0,0,0,-0.8660254037844384,-0.5000000000000004,0.0,1.0
0,0,1,22.515847,69.0,10.166714,4539,0,0,0,1,0,-0.8660254037844384,-0.5000000000000004,0.7818314824680297,0.6234898018587336
0,0,1,23.028347,88.125,9.041917999999999,3641,0,0,0,1,0,-0.8660254037844384,-0.5000000000000004,0.9749279121818236,-0.22252093395631434
0,0,1,24.395,90.0,6.4590814000000005,4352,0,0,0,1,0,-0.8660254037844384,-0.5000000000000004,0.43388373911755823,-0.900968867902419
0,0,1,25.761653,90.2083,8.584375,4795,0,0,0,1,0,-0.8660254037844384,-0.5000000000000004,-0.433883739117558,-0.9009688679024191
0,0,1,24.975847,97.25,5.2505689,2395,0,0,1,1,0,-0.8660254037844384,-0.5000000000000004,-0.9749279121818235,-0.2225209339563146
0,0,0,24.873347,86.25,5.251681099999999,5423,0,0,1,1,0,-0.8660254037844384,-0.5000000000000004,-0.7818314824680299,0.6234898018587334
0,0,0,26.000847,84.5,3.3754063999999997,5010,0,0,1,1,0,-0.8660254037844384,-0.5000000000000004,0.0,1.0
0,0,1,26.615847,84.8333,7.4169,4630,0,0,1,1,0,-0.8660254037844384,-0.5000000000000004,0.7818314824680297,0.6234898018587336
0,0,1,26.103347,88.5417,7.917457000000001,4120,0,0,1,1,0,-0.8660254037844384,-0.5000000000000004,0.9749279121818236,-0.22252093395631434
0,0,1,26.035,84.875,9.958143,3907,0,0,1,1,0,-0.8660254037844384,-0.5000000000000004,0.43388373911755823,-0.900968867902419
0,0,1,25.283347,69.9167,11.583161,4839,0,0,1,0,0,-0.8660254037844384,-0.5000000000000004,-0.433883739117558,-0.9009688679024191
0,0,1,23.130847,64.75,13.833825,5202,0,0,1,0,0,-0.8660254037844384,-0.5000000000000004,-0.9749279121818235,-0.2225209339563146
0,0,0,16.81,75.375,19.583832,2429,0,0,1,1,0,-1.0,-1.8369701987210297e-16,-0.7818314824680299,0.6234898018587334
0,0,0,14.623347,79.1667,14.874870999999999,2918,0,0,1,1,0,-1.0,-1.8369701987210297e-16,0.0,1.0
0,0,1,15.750847,76.0833,5.584168599999999,3570,0,0,1,1,0,-1.0,-1.8369701987210297e-16,0.7818314824680297,0.6234898018587336
0,0,1,19.850847,71.0,13.792218,4456,0,0,1,0,0,-1.0,-1.8369701987210297e-16,0.9749279121818236,-0.22252093395631434
0,0,1,22.071653,64.7917,11.87575,4826,0,0,1,0,0,-1.0,-1.8369701987210297e-16,0.43388373911755823,-0.900968867902419
0,0,1,20.260847000000002,62.0833,9.041917999999999,4765,0,0,1,0,0,-1.0,-1.8369701987210297e-16,-0.433883739117558,-0.9009688679024191
0,0,1,20.944153,68.4167,1.5002438999999999,4985,0,0,1,0,0,-1.0,-1.8369701987210297e-16,-0.9749279121818235,-0.2225209339563146
0,0,0,21.388347,70.125,3.0420814,5409,0,0,1,0,0,-1.0,-1.8369701987210297e-16,-0.7818314824680299,0.6234898018587334
0,0,0,22.174153,72.75,4.25115,5511,0,0,1,0,0,-1.0,-1.8369701987210297e-16,0.0,1.0
0,1,0,23.404153,73.375,2.8343814,5117,0,0,1,0,0,-1.0,-1.8369701987210297e-16,0.7818314824680297,0.6234898018587336
0,0,1,23.233347,80.875,9.583814,4563,0,0,1,1,0,-1.0,-1.8369701987210297e-16,0.9749279121818236,-0.22252093395631434
0,0,1,22.276653,90.625,16.62605,2416,0,0,1,0,1,-1.0,-1.8369701987210297e-16,0.43388373911755823,-0.900968867902419
0,0,1,24.155847,89.6667,9.499728999999999,2913,0,0,1,1,0,-1.0,-1.8369701987210297e-16,-0.433883739117558,-0.9009688679024191
0,0,1,22.584153,71.625,15.000160999999999,3644,0,0,1,1,0,-1.0,-1.8369701987210297e-16,-0.9749279121818235,-0.2225209339563146
0,0,0,20.773347,48.3333,17.291560999999998,5217,0,0,1,0,0,-1.0,-1.8369701987210297e-16,-0.7818314824680299,0.6234898018587334
0,0,0,20.978347,48.6667,18.875039,5041,0,0,1,0,0,-1.0,-1.8369701987210297e-16,0.0,1.0
0,0,1,21.900847,57.9583,11.750392999999999,4570,0,0,1,0,0,-1.0,-1.8369701987210297e-16,0.7818314824680297,0.6234898018587336
0,0,1,21.8325,70.1667,7.3758289999999995,4748,0,0,1,1,0,-1.0,-1.8369701987210297e-16,0.9749279121818236,-0.22252093395631434
0,0,1,22.211299,89.5217,16.303713000000002,2424,0,0,1,0,1,-1.0,-1.8369701987210297e-16,0.43388373911755823,-0.900968867902419
0,0,1,19.509153,63.625,28.292425,4195,0,0,1,0,0,-1.0,-1.8369701987210297e-16,-0.433883739117558,-0.9009688679024191
0,0,1,17.5275,57.4167,14.833532,4304,0,0,1,0,0,-1.0,-1.8369701987210297e-16,-0.9749279121818235,-0.2225209339563146
0,0,0,17.3225,62.9167,6.2086689,4308,0,0,1,0,0,-1.0,-1.8369701987210297e-16,-0.7818314824680299,0.6234898018587334
0,0,0,17.288347,74.125,6.6673375,4381,0,0,1,0,0,-1.0,-1.8369701987210297e-16,0.0,1.0
0,0,1,18.996653,77.2083,7.959064,4187,0,0,1,0,0,-1.0,-1.8369701987210297e-16,0.7818314824680297,0.6234898018587336
0,0,1,19.338347,62.2917,11.166086,4687,0,0,1,0,0,-1.0,-1.8369701987210297e-16,0.9749279121818236,-0.22252093395631434
0,0,1,19.850847,72.0417,9.959014,3894,0,0,1,1,0,-1.0,-1.8369701987210297e-16,0.43388373911755823,-0.900968867902419
0,0,1,19.27,81.2917,13.250121,2659,0,0,1,1,0,-1.0,-1.8369701987210297e-16,-0.433883739117558,-0.9009688679024191
0,0,1,13.564153,58.5833,15.375093,3747,0,0,1,1,0,-1.0,-1.8369701987210297e-16,-0.9749279121818235,-0.2225209339563146
0,0,0,10.420847,88.25,23.541857,627,0,0,1,0,1,-1.0,-1.8369701987210297e-16,-0.7818314824680299,0.6234898018587334
0,0,0,13.085847,62.375,11.833339,3331,0,0,1,0,0,-1.0,-1.8369701987210297e-16,0.0,1.0
0,0,1,13.94,70.3333,7.12545,3669,0,0,1,0,0,-1.0,-1.8369701987210297e-16,0.7818314824680297,0.6234898018587336
0,0,1,16.434153,68.375,9.083257000000001,4068,0,0,1,0,0,-0.866025403784439,0.4999999999999993,0.9749279121818236,-0.22252093395631434
0,0,1,15.4775,71.875,5.5001439,4186,0,0,1,0,0,-0.866025403784439,0.4999999999999993,0.43388373911755823,-0.900968867902419
0,0,1,16.741653,70.2083,9.166739,3974,0,0,1,0,0,-0.866025403784439,0.4999999999999993,-0.433883739117558,-0.9009688679024191
0,0,1,16.536653,62.25,18.209193,4046,0,0,1,1,0,-0.866025403784439,0.4999999999999993,-0.9749279121818235,-0.2225209339563146
0,0,0,13.393347,51.9167,12.667154,3926,0,0,1,0,0,-0.866025403784439,0.4999999999999993,-0.7818314824680299,0.6234898018587334
0,0,0,14.281653,73.4583,6.1676314,3649,0,0,1,0,0,-0.866025403784439,0.4999999999999993,0.0,1.0
0,0,1,16.195,75.875,3.834075,4035,0,0,1,0,0,-0.866025403784439,0.4999999999999993,0.7818314824680297,0.6234898018587336
0,0,1,16.741653,72.1667,4.6255125,4205,0,0,1,0,0,-0.866025403784439,0.4999999999999993,0.9749279121818236,-0.22252093395631434
0,0,1,16.4,75.8333,4.1671186,4109,0,0,1,0,0,-0.866025403784439,0.4999999999999993,0.43388373911755823,-0.900968867902419
0,0,1,15.58,81.3333,12.667489,2933,0,0,1,1,0,-0.866025403784439,0.4999999999999993,-0.433883739117558,-0.9009688679024191
0,1,0,13.290847,44.625,21.083225,3368,0,0,1,0,0,-0.866025403784439,0.4999999999999993,-0.9749279121818235,-0.2225209339563146
0,0,0,14.623347,55.2917,14.208154,4067,0,0,1,0,0,-0.866025403784439,0.4999999999999993,-0.7818314824680299,0.6234898018587334
0,0,0,18.074153,45.8333,18.875307,3717,0,0,1,0,0,-0.866025403784439,0.4999999999999993,0.0,1.0
0,0,1,21.73,58.7083,20.541932,4486,0,0,1,0,0,-0.866025403784439,0.4999999999999993,0.7818314824680297,0.6234898018587336
0,0,1,21.73,68.875,13.375410999999998,4195,0,0,1,1,0,-0.866025403784439,0.4999999999999993,0.9749279121818236,-0.22252093395631434
0,0,1,18.723347,93.0,9.167542999999998,1817,0,0,1,0,1,-0.866025403784439,0.4999999999999993,0.43388373911755823,-0.900968867902419
0,0,1,14.008347,57.5833,20.459254,3053,0,0,1,1,0,-0.866025403784439,0.4999999999999993,-0.433883739117558,-0.9009688679024191
0,0,1,11.240847,41.0,11.291711,3392,0,0,1,0,0,-0.866025403784439,0.4999999999999993,-0.9749279121818235,-0.2225209339563146
0,0,0,13.495847,50.2083,15.041232,3663,0,0,1,0,0,-0.866025403784439,0.4999999999999993,-0.7818314824680299,0.6234898018587334
0,0,0,18.996653,68.4583,12.45865,3520,0,0,1,1,0,-0.866025403784439,0.4999999999999993,0.0,1.0
0,0,1,18.3475,91.0,9.249618,2765,0,0,1,0,1,-0.866025403784439,0.4999999999999993,0.7818314824680297,0.6234898018587336
0,0,1,17.083347,96.25,7.959064,1607,0,0,1,0,1,-0.866025403784439,0.4999999999999993,0.9749279121818236,-0.22252093395631434
0,0,1,18.074153,75.7917,22.500275,2566,0,0,1,1,0,-0.866025403784439,0.4999999999999993,0.43388373911755823,-0.900968867902419
0,1,0,15.306653,54.9167,11.209368,1495,0,0,1,0,0,-0.866025403784439,0.4999999999999993,-0.433883739117558,-0.9009688679024191
0,0,1,15.375,64.375,6.6260186,2792,0,0,1,0,0,-0.866025403784439,0.4999999999999993,-0.9749279121818235,-0.2225209339563146
0,0,0,15.409153,68.1667,4.584193599999999,3068,0,0,1,0,0,-0.866025403784439,0.4999999999999993,-0.7818314824680299,0.6234898018587334
0,0,0,18.825847,69.8333,13.999918,3071,0,0,1,0,0,-0.866025403784439,0.4999999999999993,0.0,1.0
0,0,1,20.642598,74.3043,9.522174,3867,0,0,1,0,0,-0.866025403784439,0.4999999999999993,0.7818314824680297,0.6234898018587336
0,0,1,18.791653,83.0833,17.292164,2914,0,0,1,1,0,-0.866025403784439,0.4999999999999993,0.9749279121818236,-0.22252093395631434
0,0,1,13.325,61.3333,18.167586,3613,0,0,1,0,0,-0.866025403784439,0.4999999999999993,0.43388373911755823,-0.900968867902419
0,0,1,12.8125,52.4583,14.750585999999998,3727,0,0,1,0,0,-0.5000000000000004,0.8660254037844384,-0.433883739117558,-0.9009688679024191
0,0,1,12.880847,62.5833,6.750518,3940,0,0,1,0,0,-0.5000000000000004,0.8660254037844384,-0.9749279121818235,-0.2225209339563146
0,0,0,12.265847,61.2917,6.4174811,3614,0,0,1,0,0,-0.5000000000000004,0.8660254037844384,-0.7818314824680299,0.6234898018587334
0,0,0,13.564153,77.5833,5.6252061,3485,0,0,1,0,0,-0.5000000000000004,0.8660254037844384,0.0,1.0
0,0,1,15.819153,82.7083,4.1679561000000005,3811,0,0,1,1,0,-0.5000000000000004,0.8660254037844384,0.7818314824680297,0.6234898018587336
0,0,1,18.9625,94.9583,15.583060999999999,2594,0,0,1,0,1,-0.5000000000000004,0.8660254037844384,0.9749279121818236,-0.22252093395631434
0,0,1,16.81,97.0417,17.833725,705,0,0,1,0,1,-0.5000000000000004,0.8660254037844384,0.43388373911755823,-0.900968867902419
0,0,1,10.899153,58.0,16.083886,3322,0,0,1,0,0,-0.5000000000000004,0.8660254037844384,-0.433883739117558,-0.9009688679024191
0,0,1,11.924153,69.5833,5.5420189,3620,0,0,1,0,0,-0.5000000000000004,0.8660254037844384,-0.9749279121818235,-0.2225209339563146
0,0,0,11.275,50.75,15.625807,3190,0,0,1,0,0,-0.5000000000000004,0.8660254037844384,-0.7818314824680299,0.6234898018587334
0,0,0,9.054153,49.0,4.4582939,2743,0,0,1,0,0,-0.5000000000000004,0.8660254037844384,0.0,1.0
0,0,1,9.771653,67.0833,4.25115,3310,0,0,1,0,0,-0.5000000000000004,0.8660254037844384,0.7818314824680297,0.6234898018587336
0,0,1,11.5825,59.0,9.41685,3523,0,0,1,0,0,-0.5000000000000004,0.8660254037844384,0.9749279121818236,-0.22252093395631434
0,0,1,13.0175,66.375,4.0842061,3740,0,0,1,1,0,-0.5000000000000004,0.8660254037844384,0.43388373911755823,-0.900968867902419
0,0,1,17.3225,63.4167,17.958814,3709,0,0,1,1,0,-0.5000000000000004,0.8660254037844384,-0.433883739117558,-0.9009688679024191
0,0,1,15.375,50.0417,17.458525,3577,0,0,1,1,0,-0.5000000000000004,0.8660254037844384,-0.9749279121818235,-0.2225209339563146
0,0,0,10.591652999999999,56.0833,16.292189,2739,0,0,1,1,0,-0.5000000000000004,0.8660254037844384,-0.7818314824680299,0.6234898018587334
0,0,0,9.771653,58.625,11.375193,2431,0,0,1,0,0,-0.5000000000000004,0.8660254037844384,0.0,1.0
0,0,1,11.343347,63.75,11.584032,3403,0,0,1,0,0,-0.5000000000000004,0.8660254037844384,0.7818314824680297,0.6234898018587336
0,0,1,15.819153,59.5417,4.1252436,3750,0,0,1,1,0,-0.5000000000000004,0.8660254037844384,0.9749279121818236,-0.22252093395631434
0,0,1,17.561653,85.8333,14.8338,2660,1,0,0,1,0,-0.5000000000000004,0.8660254037844384,0.43388373911755823,-0.900968867902419
0,0,1,17.356653,75.75,3.167425,3068,1,0,0,1,0,-0.5000000000000004,0.8660254037844384,-0.433883739117558,-0.9009688679024191
0,0,1,15.306653,68.625,18.374482,2209,1,0,0,0,0,-0.5000000000000004,0.8660254037844384,-0.9749279121818235,-0.2225209339563146
0,0,0,12.4025,54.25,12.750368,1011,1,0,0,0,0,-0.5000000000000004,0.8660254037844384,-0.7818314824680299,0.6234898018587334
0,0,0,11.266103,68.1304,10.391097,754,1,0,0,0,0,-0.5000000000000004,0.8660254037844384,0.0,1.0
0,1,0,13.191298999999999,50.6957,16.044155,1317,1,0,0,0,0,-0.5000000000000004,0.8660254037844384,0.7818314824680297,0.6234898018587336
0,0,1,13.325,76.25,12.62615,1162,1,0,0,1,0,-0.5000000000000004,0.8660254037844384,0.9749279121818236,-0.22252093395631434
0,0,1,12.264330000000001,50.3913,19.695387,2302,1,0,0,0,0,-0.5000000000000004,0.8660254037844384,0.43388373911755823,-0.900968867902419
0,0,1,10.181653,57.4167,8.000604,2423,1,0,0,0,0,-0.5000000000000004,0.8660254037844384,-0.433883739117558,-0.9009688679024191
0,0,1,12.778347,63.6667,9.000579,2999,1,0,0,0,0,-0.5000000000000004,0.8660254037844384,-0.9749279121818235,-0.2225209339563146
0,0,0,16.81,61.5833,14.750318,2485,1,0,0,0,0,-0.5000000000000004,0.8660254037844384,-0.7818314824680299,0.6234898018587334
1,0,0,15.17,69.25,12.875189,2294,1,0,0,0,0,0.0,1.0,0.0,1.0
1,1,0,11.194763,38.1304,22.087555,1951,1,0,0,0,0,0.0,1.0,0.7818314824680297,0.6234898018587336
1,0,1,6.15,44.125,24.499957000000002,2236,1,0,0,0,0,0.0,1.0,0.9749279121818236,-0.22252093395631434
1,0,1,4.4075,41.4583,12.3749,2368,1,0,0,1,0,0.0,1.0,0.43388373911755823,-0.900968867902419
1,0,1,10.899153,52.4167,8.709128999999999,3272,1,0,0,0,0,0.0,1.0,-0.433883739117558,-0.9009688679024191
1,0,1,13.700847,54.2083,11.249836,4098,1,0,0,0,0,0.0,1.0,-0.9749279121818235,-0.2225209339563146
1,0,0,16.126653,53.1667,11.708786,4521,1,0,0,0,0,0.0,1.0,-0.7818314824680299,0.6234898018587334
1,0,0,13.8375,46.5,12.833314,3425,1,0,0,0,0,0.0,1.0,0.0,1.0
1,0,1,9.190847,70.1667,6.6263,2376,1,0,0,1,0,0.0,1.0,0.7818314824680297,0.6234898018587336
1,0,1,12.656536000000001,64.6522,12.565984,3598,1,0,0,0,0,0.0,1.0,0.9749279121818236,-0.22252093395631434
1,0,1,11.240847,84.75,8.791807,2177,1,0,0,1,0,0.0,1.0,0.43388373911755823,-0.900968867902419
1,0,1,15.6825,80.2917,12.124789,4097,1,0,0,1,0,0.0,1.0,-0.433883739117558,-0.9009688679024191
1,0,1,11.240847,50.75,25.333236,3214,1,0,0,0,0,0.0,1.0,-0.9749279121818235,-0.2225209339563146
1,0,0,7.38,45.75,12.541261,2493,1,0,0,0,0,0.0,1.0,-0.7818314824680299,0.6234898018587334
1,0,0,6.833347,41.9167,16.834286,2311,1,0,0,0,0,0.0,1.0,0.0,1.0
1,1,0,7.79,52.25,15.500986,2298,1,0,0,0,0,0.0,1.0,0.7818314824680297,0.6234898018587336
1,0,1,15.294763,71.6087,23.39171,2935,1,0,0,1,0,0.0,1.0,0.9749279121818236,-0.22252093395631434
1,0,1,12.436653,44.3333,27.833743,3376,1,0,0,0,0,0.0,1.0,0.43388373911755823,-0.900968867902419
1,0,1,7.79,49.75,14.750585999999998,3292,1,0,0,0,0,0.0,1.0,-0.433883739117558,-0.9009688679024191
1,0,1,8.9175,45.0,13.58425,3163,1,0,0,1,0,0.0,1.0,-0.9749279121818235,-0.2225209339563146
1,0,0,7.106653,83.125,14.917014000000002,1301,1,0,0,1,0,0.0,1.0,-0.7818314824680299,0.6234898018587334
1,0,0,6.6625,79.625,13.375746,1977,1,0,0,1,0,0.0,1.0,0.0,1.0
1,0,1,8.951653,91.125,7.417436,2432,1,0,0,1,0,0.0,1.0,0.7818314824680297,0.6234898018587336
1,0,1,14.0425,83.5833,8.292389,4339,1,0,0,0,0,0.0,1.0,0.9749279121818236,-0.22252093395631434
1,0,1,12.060847,64.375,10.791757,4270,1,0,0,0,0,0.0,1.0,0.43388373911755823,-0.900968867902419
1,0,1,14.008347,76.9583,4.917518599999999,4075,1,0,0,1,0,0.0,1.0,-0.433883739117558,-0.9009688679024191
1,0,1,17.425,74.125,22.958689,3456,1,0,0,1,0,0.0,1.0,-0.9749279121818235,-0.2225209339563146
1,0,0,12.949152999999999,54.3333,14.125542999999999,4023,1,0,0,0,0,0.0,1.0,-0.7818314824680299,0.6234898018587334
1,0,0,11.5825,31.125,16.08335,3243,1,0,0,0,0,0.0,1.0,0.0,1.0
1,0,1,11.035847,40.0833,14.458064000000002,3624,1,0,0,0,0,0.0,1.0,0.7818314824680297,0.6234898018587336
1,0,1,15.99,41.6667,17.541739,4509,1,0,0,0,0,0.0,1.0,0.9749279121818236,-0.22252093395631434
1,0,1,19.235847,50.7917,12.667489,4579,1,0,0,0,0,0.49999999999999994,0.8660254037844387,0.43388373911755823,-0.900968867902419
1,0,1,16.365847,67.2917,12.541528999999999,3761,1,0,0,1,0,0.49999999999999994,0.8660254037844387,-0.433883739117558,-0.9009688679024191
1,0,1,12.846653,52.6667,11.959232,4151,1,0,0,0,0,0.49999999999999994,0.8660254037844387,-0.9749279121818235,-0.2225209339563146
1,0,0,10.830847,77.9583,8.167032,2832,1,0,0,1,0,0.49999999999999994,0.8660254037844387,-0.7818314824680299,0.6234898018587334
1,0,0,10.899153,68.7917,11.791732000000001,2947,1,0,0,1,0,0.49999999999999994,0.8660254037844387,0.0,1.0
1,0,1,11.586969,62.2174,10.3046,3784,1,0,0,0,0,0.49999999999999994,0.8660254037844387,0.7818314824680297,0.6234898018587336
1,0,1,14.520847,49.625,9.874393,4375,1,0,0,0,0,0.49999999999999994,0.8660254037844387,0.9749279121818236,-0.22252093395631434
1,0,1,10.523347,72.2917,8.959307,2802,1,0,0,1,0,0.49999999999999994,0.8660254037844387,0.43388373911755823,-0.900968867902419
1,0,1,10.865,56.2083,13.000478999999999,3830,1,0,0,0,0,0.49999999999999994,0.8660254037844387,-0.433883739117558,-0.9009688679024191
1,0,1,11.514153,54.0,7.834242999999999,3831,1,0,0,1,0,0.49999999999999994,0.8660254037844387,-0.9749279121818235,-0.2225209339563146
1,0,0,9.190847,73.125,19.416332,2169,1,0,0,0,1,0.49999999999999994,0.8660254037844387,-0.7818314824680299,0.6234898018587334
1,0,0,5.2275,46.4583,27.417203999999998,1529,1,0,0,0,0,0.49999999999999994,0.8660254037844387,0.0,1.0
1,0,1,9.1225,41.125,11.207961,3422,1,0,0,0,0,0.49999999999999994,0.8660254037844387,0.7818314824680297,0.6234898018587336
1,0,1,13.085847,50.875,9.458993,3922,1,0,0,1,0,0.49999999999999994,0.8660254037844387,0.9749279121818236,-0.22252093395631434
1,0,1,14.281653,53.125,12.1672,4169,1,0,0,0,0,0.49999999999999994,0.8660254037844387,0.43388373911755823,-0.900968867902419
1,0,1,12.983347,75.2917,6.125475,3005,1,0,0,1,0,0.49999999999999994,0.8660254037844387,-0.433883739117558,-0.9009688679024191
1,0,1,14.076653,63.4583,13.791682000000002,4154,1,0,0,0,0,0.49999999999999994,0.8660254037844387,-0.9749279121818235,-0.2225209339563146
1,0,0,14.213347,53.4583,12.792243,4318,1,0,0,0,0,0.49999999999999994,0.8660254037844387,-0.7818314824680299,0.6234898018587334
1,0,0,11.48,51.5833,16.958504,2689,1,0,0,1,0,0.49999999999999994,0.8660254037844387,0.0,1.0
1,1,0,11.48,50.7826,15.348560999999998,3129,1,0,0,0,0,0.49999999999999994,0.8660254037844387,0.7818314824680297,0.6234898018587336
1,0,1,11.800866000000001,59.4348,13.783039000000002,3777,1,0,0,0,0,0.49999999999999994,0.8660254037844387,0.9749279121818236,-0.22252093395631434
1,0,1,16.229153,56.7917,15.709557,4773,1,0,0,0,0,0.49999999999999994,0.8660254037844387,0.43388373911755823,-0.900968867902419
1,0,1,18.620847,55.4583,12.791171,5062,1,0,0,0,0,0.49999999999999994,0.8660254037844387,-0.433883739117558,-0.9009688679024191
1,0,1,16.7075,73.75,15.916989000000001,3487,1,0,0,1,0,0.49999999999999994,0.8660254037844387,-0.9749279121818235,-0.2225209339563146
1,0,0,11.924153,39.5833,28.250014,2732,1,0,0,0,0,0.49999999999999994,0.8660254037844387,-0.7818314824680299,0.6234898018587334
1,0,0,11.445847,41.0,13.750342999999999,3389,1,0,0,0,0,0.49999999999999994,0.8660254037844387,0.0,1.0
1,0,1,15.033347000000001,49.0833,17.958211,4322,1,0,0,0,0,0.49999999999999994,0.8660254037844387,0.7818314824680297,0.6234898018587336
1,0,1,14.725847,39.5833,12.958938999999999,4363,1,0,0,0,0,0.49999999999999994,0.8660254037844387,0.9749279121818236,-0.22252093395631434
1,0,1,19.919153,61.5417,15.208129000000001,4990,1,0,0,0,0,0.8660254037844386,0.5000000000000001,-0.433883739117558,-0.9009688679024191
1,0,1,14.486653,65.7083,9.708568,3194,1,0,0,1,0,0.8660254037844386,0.5000000000000001,-0.9749279121818235,-0.2225209339563146
1,0,0,16.980847,62.125,10.792292999999999,4066,1,0,0,1,0,0.8660254037844386,0.5000000000000001,-0.7818314824680299,0.6234898018587334
1,0,0,13.359153,40.3333,22.416257,3423,1,0,0,0,0,0.8660254037844386,0.5000000000000001,0.0,1.0
1,0,1,9.976653,50.625,15.333485999999999,3333,1,0,0,0,0,0.8660254037844386,0.5000000000000001,0.7818314824680297,0.6234898018587336
1,0,1,10.591652999999999,45.6667,13.458625,3956,1,0,0,0,0,0.8660254037844386,0.5000000000000001,0.9749279121818236,-0.22252093395631434
1,0,1,16.570847,51.3333,23.167193,4916,1,0,0,0,0,0.8660254037844386,0.5000000000000001,0.43388373911755823,-0.900968867902419
1,0,1,21.6275,56.75,29.584721000000002,5382,1,0,0,0,0,0.8660254037844386,0.5000000000000001,-0.433883739117558,-0.9009688679024191
1,0,1,16.844153,40.7083,27.7916,4569,1,0,0,1,0,0.8660254037844386,0.5000000000000001,-0.9749279121818235,-0.2225209339563146
1,0,0,11.7875,35.0417,15.12525,4118,1,0,0,0,0,0.8660254037844386,0.5000000000000001,-0.7818314824680299,0.6234898018587334
1,0,0,14.831299,47.6957,14.913329000000001,4911,1,0,0,0,0,0.8660254037844386,0.5000000000000001,0.0,1.0
1,0,1,19.133347,48.9167,13.916770999999999,5298,1,0,0,0,0,0.8660254037844386,0.5000000000000001,0.7818314824680297,0.6234898018587336
1,0,1,23.165,61.75,15.87565,5847,1,0,0,0,0,0.8660254037844386,0.5000000000000001,0.9749279121818236,-0.22252093395631434
1,0,1,23.4725,50.7083,7.709153999999999,6312,1,0,0,0,0,0.8660254037844386,0.5000000000000001,0.43388373911755823,-0.900968867902419
1,0,1,22.8575,57.9583,10.042161,6192,1,0,0,0,0,0.8660254037844386,0.5000000000000001,-0.433883739117558,-0.9009688679024191
1,0,1,17.869153,84.2083,7.583864,4378,1,0,0,1,0,0.8660254037844386,0.5000000000000001,-0.9749279121818235,-0.2225209339563146
1,0,0,21.080847,75.5833,7.417167999999999,7836,1,0,0,1,0,0.8660254037844386,0.5000000000000001,-0.7818314824680299,0.6234898018587334
1,0,0,19.3725,81.0,8.501161,5892,1,0,0,1,0,0.8660254037844386,0.5000000000000001,0.0,1.0
1,0,1,22.345,72.875,10.875239,6153,1,0,0,0,0,0.8660254037844386,0.5000000000000001,0.7818314824680297,0.6234898018587336
1,0,1,22.994153,80.7917,8.125157000000002,6093,1,0,0,0,0,0.8660254037844386,0.5000000000000001,0.9749279121818236,-0.22252093395631434
1,0,1,21.798347,82.125,6.000406099999999,6230,0,1,0,1,0,0.8660254037844386,0.5000000000000001,0.43388373911755823,-0.900968867902419
1,0,1,22.720847,83.125,7.876653999999999,6871,0,1,0,0,0,0.8660254037844386,0.5000000000000001,-0.433883739117558,-0.9009688679024191
1,0,1,24.668347,69.4167,7.7921,8362,0,1,0,1,0,0.8660254037844386,0.5000000000000001,-0.9749279121818235,-0.2225209339563146
1,0,0,20.6025,88.5417,12.916461,3372,0,1,0,1,0,0.8660254037844386,0.5000000000000001,-0.7818314824680299,0.6234898018587334
1,0,0,17.9375,88.0833,14.791925,4996,0,1,0,1,0,0.8660254037844386,0.5000000000000001,0.0,1.0
1,0,1,18.279153,47.7917,25.917007,5558,0,1,0,0,0,0.8660254037844386,0.5000000000000001,0.7818314824680297,0.6234898018587336
1,0,1,13.256653,29.0,12.541864,5102,0,1,0,0,0,0.8660254037844386,0.5000000000000001,0.9749279121818236,-0.22252093395631434
1,0,1,19.850847,48.125,19.541957,5698,0,1,0,0,0,0.8660254037844386,0.5000000000000001,0.43388373911755823,-0.900968867902419
1,0,1,20.260847000000002,43.9167,21.41655,6133,0,1,0,0,0,0.8660254037844386,0.5000000000000001,-0.433883739117558,-0.9009688679024191
1,0,1,15.17,58.0833,9.250489,5459,0,1,0,1,0,0.8660254037844386,0.5000000000000001,-0.9749279121818235,-0.2225209339563146
1,0,0,17.390847,73.8333,16.791339,6235,0,1,0,1,0,0.8660254037844386,0.5000000000000001,-0.7818314824680299,0.6234898018587334
1,0,0,17.459153,67.625,11.541889,6041,0,1,0,1,0,1.0,6.123233995736766e-17,0.0,1.0
1,0,1,17.790433,50.4348,20.913313,5936,0,1,0,0,0,1.0,6.123233995736766e-17,0.7818314824680297,0.6234898018587336
1,0,1,19.133347,39.6667,6.708911,6772,0,1,0,0,0,1.0,6.123233995736766e-17,0.9749279121818236,-0.22252093395631434
1,0,1,22.208347,46.9583,12.125325,6436,0,1,0,0,0,1.0,6.123233995736766e-17,0.43388373911755823,-0.900968867902419
1,0,1,17.835,37.4167,14.708442999999999,6457,0,1,0,0,0,1.0,6.123233995736766e-17,-0.433883739117558,-0.9009688679024191
1,0,1,16.536653,37.7083,20.125996,6460,0,1,0,0,0,1.0,6.123233995736766e-17,-0.9749279121818235,-0.2225209339563146
1,0,0,17.9375,25.4167,18.416357,6857,0,1,0,0,0,1.0,6.123233995736766e-17,-0.7818314824680299,0.6234898018587334
1,0,0,20.5,27.5833,15.583932,5169,0,1,0,0,0,1.0,6.123233995736766e-17,0.0,1.0
1,0,1,20.055847,31.75,23.999132,5585,0,1,0,0,0,1.0,6.123233995736766e-17,0.7818314824680297,0.6234898018587336
1,0,1,18.313347,43.5,16.708125,5918,0,1,0,0,0,1.0,6.123233995736766e-17,0.9749279121818236,-0.22252093395631434
1,0,1,14.296535999999998,46.9565,19.783358,4862,0,1,0,0,0,1.0,6.123233995736766e-17,0.43388373911755823,-0.900968867902419
1,0,1,16.2975,46.625,19.458743,5409,0,1,0,0,0,1.0,6.123233995736766e-17,-0.433883739117558,-0.9009688679024191
1,0,1,18.1425,40.8333,10.416557000000001,6398,0,1,0,0,0,1.0,6.123233995736766e-17,-0.9749279121818235,-0.2225209339563146
1,0,0,20.295,50.2917,12.791439,7460,0,1,0,0,0,1.0,6.123233995736766e-17,-0.7818314824680299,0.6234898018587334
1,0,0,24.873347,50.7917,15.083642999999999,7132,0,1,0,0,0,1.0,6.123233995736766e-17,0.0,1.0
1,1,0,27.230846999999997,56.1667,19.083543,6370,0,1,0,0,0,1.0,6.123233995736766e-17,0.7818314824680297,0.6234898018587336
1,0,1,24.941653,39.0417,18.333143,6691,0,1,0,0,0,1.0,6.123233995736766e-17,0.9749279121818236,-0.22252093395631434
1,0,1,18.996653,56.9167,11.250103999999999,4367,0,1,0,1,0,1.0,6.123233995736766e-17,0.43388373911755823,-0.900968867902419
1,0,1,20.431653,61.25,4.4172564,6565,0,1,0,0,0,1.0,6.123233995736766e-17,-0.433883739117558,-0.9009688679024191
1,0,1,21.593347,69.4583,10.041357000000001,7290,0,1,0,0,0,1.0,6.123233995736766e-17,-0.9749279121818235,-0.2225209339563146
1,0,0,23.37,68.2917,19.000329,6624,0,1,0,0,0,1.0,6.123233995736766e-17,-0.7818314824680299,0.6234898018587334
1,0,0,16.263347,83.5417,23.084582,1027,0,1,0,0,1,1.0,6.123233995736766e-17,0.0,1.0
1,0,1,13.188347,76.6667,20.334232,3214,0,1,0,1,0,1.0,6.123233995736766e-17,0.7818314824680297,0.6234898018587336
1,0,1,16.946653,45.4167,16.708661,5633,0,1,0,0,0,1.0,6.123233995736766e-17,0.9749279121818236,-0.22252093395631434
1,0,1,19.543347,42.7917,7.959064,6196,0,1,0,0,0,1.0,6.123233995736766e-17,0.43388373911755823,-0.900968867902419
1,0,1,20.431653,75.6667,11.833875,5026,0,1,0,1,0,1.0,6.123233995736766e-17,-0.433883739117558,-0.9009688679024191
1,0,1,18.7575,40.0833,23.291411,6233,0,1,0,0,0,1.0,6.123233995736766e-17,-0.9749279121818235,-0.2225209339563146
1,0,0,15.443347,48.9583,8.708325,4220,0,1,0,1,0,1.0,6.123233995736766e-17,-0.7818314824680299,0.6234898018587334
1,0,0,18.791653,58.7083,7.832836,6304,0,1,0,0,0,1.0,6.123233995736766e-17,0.0,1.0
1,0,1,19.030847,57.0,11.499746,5572,0,1,0,1,0,1.0,6.123233995736766e-17,0.7818314824680297,0.6234898018587336
1,0,1,25.146653,65.9583,10.458432,5740,0,1,0,1,0,0.8660254037844388,-0.4999999999999998,0.9749279121818236,-0.22252093395631434
1,0,1,23.130847,79.7083,9.249886,6169,0,1,0,0,0,0.8660254037844388,-0.4999999999999998,0.43388373911755823,-0.900968867902419
1,0,1,22.96,76.8333,8.957632,6421,0,1,0,1,0,0.8660254037844388,-0.4999999999999998,-0.433883739117558,-0.9009688679024191
1,0,1,25.7275,73.5417,10.916846000000001,6296,0,1,0,0,0,0.8660254037844388,-0.4999999999999998,-0.9749279121818235,-0.2225209339563146
1,0,0,25.488347,75.6667,10.250464,6883,0,1,0,1,0,0.8660254037844388,-0.4999999999999998,-0.7818314824680299,0.6234898018587334
1,0,0,23.0625,74.0,10.041893,6359,0,1,0,1,0,0.8660254037844388,-0.4999999999999998,0.0,1.0
1,0,1,22.0375,66.4167,15.458307000000001,6273,0,1,0,1,0,0.8660254037844388,-0.4999999999999998,0.7818314824680297,0.6234898018587336
1,0,1,23.848347,68.5833,19.833942999999998,5728,0,1,0,1,0,0.8660254037844388,-0.4999999999999998,0.9749279121818236,-0.22252093395631434
1,0,1,23.575,74.4167,14.499604000000001,4717,0,1,0,1,0,0.8660254037844388,-0.4999999999999998,0.43388373911755823,-0.900968867902419
1,0,1,20.739152999999998,55.2083,21.042220999999998,6572,0,1,0,0,0,0.8660254037844388,-0.4999999999999998,-0.433883739117558,-0.9009688679024191
1,0,1,21.866653,36.0417,15.874779,7030,0,1,0,0,0,0.8660254037844388,-0.4999999999999998,-0.9749279121818235,-0.2225209339563146
1,0,0,23.130847,48.0417,8.249911,7429,0,1,0,0,0,0.8660254037844388,-0.4999999999999998,-0.7818314824680299,0.6234898018587334
1,0,0,25.1125,57.625,15.082839000000002,6118,0,1,0,0,0,0.8660254037844388,-0.4999999999999998,0.0,1.0
1,0,1,23.506653,78.9583,14.250364000000001,2843,0,1,0,1,0,0.8660254037844388,-0.4999999999999998,0.7818314824680297,0.6234898018587336
1,0,1,25.078347,79.4583,9.875264,5115,0,1,0,1,0,0.8660254037844388,-0.4999999999999998,0.9749279121818236,-0.22252093395631434
1,0,1,26.103347,69.7917,8.208304,7424,0,1,0,0,0,0.8660254037844388,-0.4999999999999998,0.43388373911755823,-0.900968867902419
1,0,1,24.326653,52.0,15.374825,7384,0,1,0,0,0,0.8660254037844388,-0.4999999999999998,-0.433883739117558,-0.9009688679024191
1,0,1,23.130847,52.3333,9.166739,7639,0,1,0,0,0,0.8660254037844388,-0.4999999999999998,-0.9749279121818235,-0.2225209339563146
1,0,0,24.6,45.625,5.626325,8294,0,1,0,0,0,0.8660254037844388,-0.4999999999999998,-0.7818314824680299,0.6234898018587334
1,0,0,25.454153,53.0417,17.042589000000003,7129,0,1,0,0,0,0.8660254037844388,-0.4999999999999998,0.0,1.0
1,0,1,24.531653,81.125,15.624668,4359,0,1,0,1,0,0.8660254037844388,-0.4999999999999998,0.7818314824680297,0.6234898018587336
1,0,1,25.215,76.5833,7.917189,6073,0,1,0,1,0,0.8660254037844388,-0.4999999999999998,0.9749279121818236,-0.22252093395631434
1,0,1,25.488347,77.4583,6.834,5260,0,1,0,1,0,0.8660254037844388,-0.4999999999999998,0.43388373911755823,-0.900968867902419
1,0,1,26.855,71.6667,11.584032,6770,0,1,0,0,0,0.8660254037844388,-0.4999999999999998,-0.433883739117558,-0.9009688679024191
1,0,1,27.88,74.7083,9.41685,6734,0,1,0,0,0,0.8660254037844388,-0.4999999999999998,-0.9749279121818235,-0.2225209339563146
1,0,0,28.3925,73.25,13.332464000000002,6536,0,1,0,0,0,0.8660254037844388,-0.4999999999999998,-0.7818314824680299,0.6234898018587334
1,0,0,28.29,69.7083,14.416457000000001,6591,0,1,0,0,0,0.8660254037844388,-0.4999999999999998,0.0,1.0
1,1,0,29.2125,67.625,13.166907,6043,0,1,0,0,0,0.8660254037844388,-0.4999999999999998,0.7818314824680297,0.6234898018587336
1,0,1,29.6225,68.4583,19.7918,5743,0,1,0,0,0,0.8660254037844388,-0.4999999999999998,0.9749279121818236,-0.22252093395631434
1,0,1,26.923346999999996,67.0,9.000043,6855,0,1,0,1,0,0.8660254037844388,-0.4999999999999998,0.43388373911755823,-0.900968867902419
1,0,1,27.88,49.2917,13.083692999999998,7338,0,1,0,0,0,0.8660254037844388,-0.4999999999999998,-0.433883739117558,-0.9009688679024191
1,0,1,26.820846999999997,75.5417,15.916720999999999,4127,0,1,0,1,0,0.5000000000000003,-0.8660254037844385,-0.9749279121818235,-0.2225209339563146
1,0,0,23.916653,54.9167,12.499654,8120,0,1,0,0,0,0.5000000000000003,-0.8660254037844385,-0.7818314824680299,0.6234898018587334
1,0,0,24.7025,49.3333,12.333829,7641,0,1,0,0,0,0.5000000000000003,-0.8660254037844385,0.0,1.0
1,0,1,24.4975,48.7083,19.083810999999997,6998,0,1,0,0,0,0.5000000000000003,-0.8660254037844385,0.7818314824680297,0.6234898018587336
1,0,1,22.174153,61.3333,14.041525,7001,0,1,0,1,0,0.5000000000000003,-0.8660254037844385,0.9749279121818236,-0.22252093395631434
1,0,1,22.720847,61.125,5.167375,7055,0,1,0,0,0,0.5000000000000003,-0.8660254037844385,0.43388373911755823,-0.900968867902419
1,0,1,24.7025,56.7083,10.54245,7494,0,1,0,0,0,0.5000000000000003,-0.8660254037844385,-0.433883739117558,-0.9009688679024191
1,0,1,26.615847,46.7917,11.750661000000001,7736,0,1,0,0,0,0.5000000000000003,-0.8660254037844385,-0.9749279121818235,-0.2225209339563146
1,0,0,29.144153000000003,43.7083,9.667228999999999,7498,0,1,0,0,0,0.5000000000000003,-0.8660254037844385,-0.7818314824680299,0.6234898018587334
1,0,0,29.793346999999997,53.8333,8.959307,6598,0,1,0,0,0,0.5000000000000003,-0.8660254037844385,0.0,1.0
1,0,1,29.554153000000003,58.7917,13.916770999999999,6664,0,1,0,1,0,0.5000000000000003,-0.8660254037844385,0.7818314824680297,0.6234898018587336
1,0,1,26.786653,83.3333,14.374582,4972,0,1,0,1,0,0.5000000000000003,-0.8660254037844385,0.9749279121818236,-0.22252093395631434
1,0,1,26.889153000000004,58.2083,22.999693,7421,0,1,0,0,0,0.5000000000000003,-0.8660254037844385,0.43388373911755823,-0.900968867902419
1,0,1,26.581653000000003,56.9583,17.000110999999997,7363,0,1,0,0,0,0.5000000000000003,-0.8660254037844385,-0.433883739117558,-0.9009688679024191
1,0,1,26.205847,58.9583,11.833339,7665,0,1,0,0,0,0.5000000000000003,-0.8660254037844385,-0.9749279121818235,-0.2225209339563146
1,0,0,25.898347,50.4167,11.166689,7702,0,1,0,0,0,0.5000000000000003,-0.8660254037844385,-0.7818314824680299,0.6234898018587334
1,0,0,24.2925,59.875,9.708568,6978,0,1,0,0,0,0.5000000000000003,-0.8660254037844385,0.0,1.0
1,0,1,23.301652999999998,77.7917,11.707982000000001,5099,0,1,0,1,0,0.5000000000000003,-0.8660254037844385,0.7818314824680297,0.6234898018587336
1,0,1,28.221653000000003,69.0,9.917139,6825,0,1,0,0,0,0.5000000000000003,-0.8660254037844385,0.9749279121818236,-0.22252093395631434
1,0,1,32.0825,59.2083,7.625404,6211,0,1,0,0,0,0.5000000000000003,-0.8660254037844385,0.43388373911755823,-0.900968867902419
1,0,1,33.039153000000006,56.7917,7.958728999999999,5905,0,0,0,0,0,0.5000000000000003,-0.8660254037844385,-0.433883739117558,-0.9009688679024191
1,0,1,31.8775,57.375,12.250414,5823,0,0,0,0,0,0.5000000000000003,-0.8660254037844385,-0.9749279121818235,-0.2225209339563146
1,0,0,29.998346999999995,53.4583,12.041307000000002,7458,0,0,0,0,0,0.5000000000000003,-0.8660254037844385,-0.7818314824680299,0.6234898018587334
1,0,0,30.476653000000002,47.9167,9.750175,6891,0,0,0,0,0,0.5000000000000003,-0.8660254037844385,0.0,1.0
1,0,1,29.349153,50.4167,20.125660999999997,6779,0,0,0,0,0,0.5000000000000003,-0.8660254037844385,0.7818314824680297,0.6234898018587336
1,0,1,25.864152999999998,37.3333,23.292014,7442,0,0,0,0,0,0.5000000000000003,-0.8660254037844385,0.9749279121818236,-0.22252093395631434
1,0,1,28.5975,36.0,18.208925,7335,0,0,0,0,0,0.5000000000000003,-0.8660254037844385,0.43388373911755823,-0.900968867902419
1,0,1,30.715846999999997,42.25,11.50055,6879,0,0,0,0,0,0.5000000000000003,-0.8660254037844385,-0.433883739117558,-0.9009688679024191
1,0,1,34.200846999999996,48.875,11.082939,5463,0,0,0,0,0,0.5000000000000003,-0.8660254037844385,-0.9749279121818235,-0.2225209339563146
1,0,0,31.365,60.125,10.791757,5687,0,0,0,0,0,0.5000000000000003,-0.8660254037844385,-0.7818314824680299,0.6234898018587334
1,0,0,33.449153,51.875,11.291443,5531,0,0,0,0,0,1.2246467991473532e-16,-1.0,0.0,1.0
1,0,1,32.048347,44.7083,13.082889,6227,0,0,0,0,0,1.2246467991473532e-16,-1.0,0.7818314824680297,0.6234898018587336
1,0,1,32.014153,49.2083,8.457879,6660,0,0,0,0,0,1.2246467991473532e-16,-1.0,0.9749279121818236,-0.22252093395631434
1,1,0,32.355847,53.875,9.04165,7403,0,0,0,0,0,1.2246467991473532e-16,-1.0,0.43388373911755823,-0.900968867902419
1,0,1,33.9275,45.7917,12.999943,6241,0,0,0,0,0,1.2246467991473532e-16,-1.0,-0.433883739117558,-0.9009688679024191
1,0,1,33.961653000000005,45.0833,9.791514,6207,0,0,0,0,0,1.2246467991473532e-16,-1.0,-0.9749279121818235,-0.2225209339563146
1,0,0,35.328346999999994,49.2083,10.958117999999999,4840,0,0,0,0,0,1.2246467991473532e-16,-1.0,-0.7818314824680299,0.6234898018587334
1,0,0,33.7225,57.375,8.417143,4672,0,0,0,0,0,1.2246467991473532e-16,-1.0,0.0,1.0
1,0,1,29.144153000000003,68.3333,12.125325,6569,0,0,0,1,0,1.2246467991473532e-16,-1.0,0.7818314824680297,0.6234898018587336
1,0,1,29.554153000000003,66.75,10.166379,6290,0,0,0,1,0,1.2246467991473532e-16,-1.0,0.9749279121818236,-0.22252093395631434
1,0,1,29.383346999999997,63.3333,10.166111,7264,0,0,0,0,0,1.2246467991473532e-16,-1.0,0.43388373911755823,-0.900968867902419
1,0,1,29.349153,52.9583,9.833925,7446,0,0,0,0,0,1.2246467991473532e-16,-1.0,-0.433883739117558,-0.9009688679024191
1,0,1,29.998346999999995,48.5833,5.41695,7499,0,0,0,1,0,1.2246467991473532e-16,-1.0,-0.9749279121818235,-0.2225209339563146
1,0,0,28.836653000000002,69.9167,9.626493,6969,0,0,0,1,0,1.2246467991473532e-16,-1.0,-0.7818314824680299,0.6234898018587334
1,0,0,30.579153,71.7917,11.166689,6031,0,0,0,0,0,1.2246467991473532e-16,-1.0,0.0,1.0
1,0,1,31.296653000000003,64.5,11.000529,6830,0,0,0,0,0,1.2246467991473532e-16,-1.0,0.7818314824680297,0.6234898018587336
1,0,1,33.551653,50.5833,7.666742999999999,6786,0,0,0,0,0,1.2246467991473532e-16,-1.0,0.9749279121818236,-0.22252093395631434
1,0,1,32.526653,57.7083,9.208614,5713,0,0,0,0,0,1.2246467991473532e-16,-1.0,0.43388373911755823,-0.900968867902419
1,0,1,31.57,60.0417,11.083743,6591,0,0,0,0,0,1.2246467991473532e-16,-1.0,-0.433883739117558,-0.9009688679024191
1,0,1,27.299153000000004,84.4167,14.000789000000001,5870,0,0,0,1,0,1.2246467991473532e-16,-1.0,-0.9749279121818235,-0.2225209339563146
1,0,0,24.429153,86.5417,14.2911,4459,0,0,0,0,1,1.2246467991473532e-16,-1.0,-0.7818314824680299,0.6234898018587334
1,0,0,27.3675,76.25,6.2926936,7410,0,0,0,1,0,1.2246467991473532e-16,-1.0,0.0,1.0
1,0,1,30.408346999999996,69.4167,9.291761,6966,0,0,0,0,0,1.2246467991473532e-16,-1.0,0.7818314824680297,0.6234898018587336
1,0,1,30.784153000000003,65.5,14.167418,7592,0,0,0,0,0,1.2246467991473532e-16,-1.0,0.9749279121818236,-0.22252093395631434
1,0,1,29.690846999999998,45.0,11.0416,8173,0,0,0,0,0,1.2246467991473532e-16,-1.0,0.43388373911755823,-0.900968867902419
1,0,1,31.843346999999998,59.6667,19.082470999999998,6861,0,0,0,0,0,1.2246467991473532e-16,-1.0,-0.433883739117558,-0.9009688679024191
1,0,1,32.048347,59.4583,10.250464,6904,0,0,0,0,0,1.2246467991473532e-16,-1.0,-0.9749279121818235,-0.2225209339563146
1,0,0,30.989153,61.3333,10.54245,6685,0,0,0,0,0,1.2246467991473532e-16,-1.0,-0.7818314824680299,0.6234898018587334
1,0,0,29.588347,62.375,11.416532,6597,0,0,0,0,0,1.2246467991473532e-16,-1.0,0.0,1.0
1,0,1,29.964153000000003,66.875,10.292339,7105,0,0,0,0,0,1.2246467991473532e-16,-1.0,0.7818314824680297,0.6234898018587336
1,0,1,29.246653000000002,70.4167,11.083475,7216,0,0,0,0,0,1.2246467991473532e-16,-1.0,0.9749279121818236,-0.22252093395631434
1,0,1,29.4175,67.75,9.458993,7580,0,0,0,0,0,-0.4999999999999998,-0.8660254037844388,0.43388373911755823,-0.900968867902419
1,0,1,30.8525,65.9583,8.666718,7261,0,0,0,0,0,-0.4999999999999998,-0.8660254037844388,-0.433883739117558,-0.9009688679024191
1,0,1,31.399153000000002,64.25,14.458064000000002,7175,0,0,0,1,0,-0.4999999999999998,-0.8660254037844388,-0.9749279121818235,-0.2225209339563146
1,0,0,32.526653,61.3333,17.249685999999997,6824,0,0,0,0,0,-0.4999999999999998,-0.8660254037844388,-0.7818314824680299,0.6234898018587334
1,0,0,31.535846999999997,65.25,19.458207,5464,0,0,0,0,0,-0.4999999999999998,-0.8660254037844388,0.0,1.0
1,0,1,30.8525,65.4167,8.666718,7013,0,0,0,1,0,-0.4999999999999998,-0.8660254037844388,0.7818314824680297,0.6234898018587336
1,0,1,30.169153,70.375,7.832836,7273,0,0,0,1,0,-0.4999999999999998,-0.8660254037844388,0.9749279121818236,-0.22252093395631434
1,0,1,30.75,67.2917,7.4169,7534,0,0,0,1,0,-0.4999999999999998,-0.8660254037844388,0.43388373911755823,-0.900968867902419
1,0,1,30.989153,62.0417,10.4587,7286,0,0,0,0,0,-0.4999999999999998,-0.8660254037844388,-0.433883739117558,-0.9009688679024191
1,0,1,29.349153,71.5833,16.000470999999997,5786,0,0,0,1,0,-0.4999999999999998,-0.8660254037844388,-0.9749279121818235,-0.2225209339563146
1,0,0,28.3925,73.2917,13.834093,6299,0,0,0,1,0,-0.4999999999999998,-0.8660254037844388,-0.7818314824680299,0.6234898018587334
1,0,0,28.734153000000003,53.0417,8.208304,6544,0,0,0,0,0,-0.4999999999999998,-0.8660254037844388,0.0,1.0
1,0,1,29.554153000000003,54.5417,9.126204,6883,0,0,0,0,0,-0.4999999999999998,-0.8660254037844388,0.7818314824680297,0.6234898018587336
1,0,1,29.793346999999997,68.6667,11.333586,6784,0,0,0,0,0,-0.4999999999999998,-0.8660254037844388,0.9749279121818236,-0.22252093395631434
1,0,1,28.973346999999997,61.9583,11.374657000000001,7347,0,0,0,0,0,-0.4999999999999998,-0.8660254037844388,0.43388373911755823,-0.900968867902419
1,0,1,29.485846999999996,51.9167,9.500332,7605,0,0,0,0,0,-0.4999999999999998,-0.8660254037844388,-0.433883739117558,-0.9009688679024191
1,0,1,29.656653000000002,57.0833,15.500717999999999,7148,0,0,0,0,0,-0.4999999999999998,-0.8660254037844388,-0.9749279121818235,-0.2225209339563146
1,0,0,27.811653000000003,60.3333,11.917089,7865,0,0,0,0,0,-0.4999999999999998,-0.8660254037844388,-0.7818314824680299,0.6234898018587334
1,0,0,26.069153,71.1667,5.79215,4549,0,0,0,1,0,-0.4999999999999998,-0.8660254037844388,0.0,1.0
1,0,1,26.069153,73.4167,8.708592999999999,6530,0,0,0,1,0,-0.4999999999999998,-0.8660254037844388,0.7818314824680297,0.6234898018587336
1,0,1,26.615847,67.375,4.875643599999999,7006,0,0,0,0,0,-0.4999999999999998,-0.8660254037844388,0.9749279121818236,-0.22252093395631434
1,0,1,27.3675,67.7083,4.708981099999999,7375,0,0,0,0,0,-0.4999999999999998,-0.8660254037844388,0.43388373911755823,-0.900968867902419
1,0,1,28.529153000000004,63.5833,5.667918599999999,7765,0,0,0,0,0,-0.4999999999999998,-0.8660254037844388,-0.433883739117558,-0.9009688679024191
1,0,1,28.8025,61.5,4.833768599999999,7582,0,0,0,1,0,-0.4999999999999998,-0.8660254037844388,-0.9749279121818235,-0.2225209339563146
1,0,0,27.128346999999998,71.2917,16.375335999999997,6053,0,0,0,1,0,-0.4999999999999998,-0.8660254037844388,-0.7818314824680299,0.6234898018587334
1,0,0,26.786653,84.5833,15.333485999999999,5255,0,0,0,1,0,-0.4999999999999998,-0.8660254037844388,0.0,1.0
1,0,1,28.836653000000002,73.0417,8.625111,6917,0,0,0,0,0,-0.4999999999999998,-0.8660254037844388,0.7818314824680297,0.6234898018587336
1,0,1,29.861653000000004,62.0,12.791975,7040,0,0,0,0,0,-0.4999999999999998,-0.8660254037844388,0.9749279121818236,-0.22252093395631434
1,0,1,28.085,55.2083,7.541653999999999,7697,0,0,0,0,0,-0.4999999999999998,-0.8660254037844388,0.43388373911755823,-0.900968867902419
1,0,1,28.973346999999997,59.0417,5.166818900000001,7713,0,0,0,0,0,-0.4999999999999998,-0.8660254037844388,-0.433883739117558,-0.9009688679024191
1,0,1,31.330847,58.75,11.291711,7350,0,0,0,0,0,-0.4999999999999998,-0.8660254037844388,-0.9749279121818235,-0.2225209339563146
1,0,0,30.886653000000003,63.8333,7.5835289999999995,6140,0,0,0,1,0,-0.8660254037844384,-0.5000000000000004,-0.7818314824680299,0.6234898018587334
1,0,0,28.563346999999997,81.5,4.2927436,5810,0,0,0,1,0,-0.8660254037844384,-0.5000000000000004,0.0,1.0
1,1,0,29.0075,79.0833,10.125107,6034,0,0,0,0,0,-0.8660254037844384,-0.5000000000000004,0.7818314824680297,0.6234898018587336
1,0,1,29.759153,75.5,15.833507,6864,0,0,0,0,0,-0.8660254037844384,-0.5000000000000004,0.9749279121818236,-0.22252093395631434
1,0,1,30.203346999999997,74.125,12.583136,7112,0,0,0,0,0,-0.8660254037844384,-0.5000000000000004,0.43388373911755823,-0.900968867902419
1,0,1,28.563346999999997,81.0417,9.542207000000001,6203,0,0,0,1,0,-0.8660254037844384,-0.5000000000000004,-0.433883739117558,-0.9009688679024191
1,0,1,28.836653000000002,73.625,11.500282,7504,0,0,0,0,0,-0.8660254037844384,-0.5000000000000004,-0.9749279121818235,-0.2225209339563146
1,0,0,27.025847,79.9167,18.833968,5976,0,0,0,1,0,-0.8660254037844384,-0.5000000000000004,-0.7818314824680299,0.6234898018587334
1,0,0,25.01,54.75,15.041232,8227,0,0,0,0,0,-0.8660254037844384,-0.5000000000000004,0.0,1.0
1,0,1,23.916653,50.375,17.333771,7525,0,0,0,0,0,-0.8660254037844384,-0.5000000000000004,0.7818314824680297,0.6234898018587336
1,0,1,23.6775,52.0,6.1676314,7767,0,0,0,0,0,-0.8660254037844384,-0.5000000000000004,0.9749279121818236,-0.22252093395631434
1,0,1,24.565847,57.7083,8.833682000000001,7870,0,0,0,0,0,-0.8660254037844384,-0.5000000000000004,0.43388373911755823,-0.900968867902419
1,0,1,25.1125,63.7083,5.5422936,7804,0,0,0,0,0,-0.8660254037844384,-0.5000000000000004,-0.433883739117558,-0.9009688679024191
1,0,1,25.966653,67.25,6.958821,8009,0,0,0,0,0,-0.8660254037844384,-0.5000000000000004,-0.9749279121818235,-0.2225209339563146
1,0,0,24.941653,50.1667,16.583907,8714,0,0,0,0,0,-0.8660254037844384,-0.5000000000000004,-0.7818314824680299,0.6234898018587334
1,0,0,23.78,57.0,6.042281099999999,7333,0,0,0,0,0,-0.8660254037844384,-0.5000000000000004,0.0,1.0
1,0,1,23.814153,73.4583,10.166714,6869,0,0,0,1,0,-0.8660254037844384,-0.5000000000000004,0.7818314824680297,0.6234898018587336
1,0,1,25.556653,87.25,23.958329,4073,0,0,0,1,0,-0.8660254037844384,-0.5000000000000004,0.9749279121818236,-0.22252093395631434
1,0,1,22.6525,53.6667,14.416725,7591,0,0,0,0,0,-0.8660254037844384,-0.5000000000000004,0.43388373911755823,-0.900968867902419
1,0,1,22.413347,61.8333,7.917189,7720,0,0,0,0,0,-0.8660254037844384,-0.5000000000000004,-0.433883739117558,-0.9009688679024191
1,0,1,24.565847,66.875,10.333343,8167,0,0,0,0,0,-0.8660254037844384,-0.5000000000000004,-0.9749279121818235,-0.2225209339563146
1,0,0,26.65,64.6667,19.000061,8395,0,0,0,0,0,-0.8660254037844384,-0.5000000000000004,-0.7818314824680299,0.6234898018587334
1,0,0,21.695847,46.7083,14.958286,7907,0,0,1,0,0,-0.8660254037844384,-0.5000000000000004,0.0,1.0
1,0,1,21.080847,49.2917,9.541068,7436,0,0,1,0,0,-0.8660254037844384,-0.5000000000000004,0.7818314824680297,0.6234898018587336
1,0,1,22.55,57.0,15.833507,7538,0,0,1,0,0,-0.8660254037844384,-0.5000000000000004,0.9749279121818236,-0.22252093395631434
1,0,1,26.035,63.0833,16.3748,7733,0,0,1,0,0,-0.8660254037844384,-0.5000000000000004,0.43388373911755823,-0.900968867902419
1,0,1,26.65,69.0833,9.000914,7393,0,0,1,1,0,-0.8660254037844384,-0.5000000000000004,-0.433883739117558,-0.9009688679024191
1,0,1,25.385847000000002,69.0,10.999993,7415,0,0,1,1,0,-0.8660254037844384,-0.5000000000000004,-0.9749279121818235,-0.2225209339563146
1,0,0,22.2425,54.2917,15.249467999999998,8555,0,0,1,0,0,-0.8660254037844384,-0.5000000000000004,-0.7818314824680299,0.6234898018587334
1,0,0,21.593347,58.3333,9.042186000000001,6889,0,0,1,0,0,-0.8660254037844384,-0.5000000000000004,0.0,1.0
1,0,1,21.354153,64.9167,6.083881400000001,6778,0,0,1,1,0,-1.0,-1.8369701987210297e-16,0.7818314824680297,0.6234898018587336
1,0,1,24.224153,87.1667,6.999825,4639,0,0,1,0,1,-1.0,-1.8369701987210297e-16,0.9749279121818236,-0.22252093395631434
1,0,1,26.9575,79.375,4.4585685999999995,7572,0,0,1,1,0,-1.0,-1.8369701987210297e-16,0.43388373911755823,-0.900968867902419
1,0,1,26.9575,72.2917,7.8755820000000005,7328,0,0,1,1,0,-1.0,-1.8369701987210297e-16,-0.433883739117558,-0.9009688679024191
1,0,1,25.215,62.75,7.12545,8156,0,0,1,0,0,-1.0,-1.8369701987210297e-16,-0.9749279121818235,-0.2225209339563146
1,0,0,22.720847,66.4167,17.957675,7965,0,0,1,0,0,-1.0,-1.8369701987210297e-16,-0.7818314824680299,0.6234898018587334
1,0,0,17.049153,70.8333,9.457854,3510,0,0,1,1,0,-1.0,-1.8369701987210297e-16,0.0,1.0
1,1,0,15.716652999999999,70.9583,12.708492999999999,5478,0,0,1,1,0,-1.0,-1.8369701987210297e-16,0.7818314824680297,0.6234898018587336
1,0,1,18.313347,76.1667,12.7501,6392,0,0,1,1,0,-1.0,-1.8369701987210297e-16,0.9749279121818236,-0.22252093395631434
1,0,1,21.080847,63.0833,12.584007000000001,7691,0,0,1,0,0,-1.0,-1.8369701987210297e-16,0.43388373911755823,-0.900968867902419
1,0,1,17.835,46.3333,12.166932000000001,7570,0,0,1,0,0,-1.0,-1.8369701987210297e-16,-0.433883739117558,-0.9009688679024191
1,0,1,17.9375,53.9167,15.751164000000001,7282,0,0,1,0,0,-1.0,-1.8369701987210297e-16,-0.9749279121818235,-0.2225209339563146
1,0,0,16.126653,49.4583,9.791514,7109,0,0,1,0,0,-1.0,-1.8369701987210297e-16,-0.7818314824680299,0.6234898018587334
1,0,0,21.388347,64.0417,18.667004000000002,6639,0,0,1,0,0,-1.0,-1.8369701987210297e-16,0.0,1.0
1,0,1,23.028347,70.75,19.834479,5875,0,0,1,1,0,-1.0,-1.8369701987210297e-16,0.7818314824680297,0.6234898018587336
1,0,1,19.201653,55.8333,12.208807,7534,0,0,1,0,0,-1.0,-1.8369701987210297e-16,0.9749279121818236,-0.22252093395631434
1,0,1,18.689153,69.2917,6.791857,7461,0,0,1,0,0,-1.0,-1.8369701987210297e-16,0.43388373911755823,-0.900968867902419
1,0,1,21.4225,72.8333,15.874779,7509,0,0,1,1,0,-1.0,-1.8369701987210297e-16,-0.433883739117558,-0.9009688679024191
1,0,1,23.096653,81.5,9.041917999999999,5424,0,0,1,1,0,-1.0,-1.8369701987210297e-16,-0.9749279121818235,-0.2225209339563146
1,0,0,19.850847,57.2917,7.874979,8090,0,0,1,0,0,-1.0,-1.8369701987210297e-16,-0.7818314824680299,0.6234898018587334
1,0,0,19.030847,51.0,11.125618,6824,0,0,1,0,0,-1.0,-1.8369701987210297e-16,0.0,1.0
1,0,1,19.9875,56.8333,5.459381099999999,7058,0,0,1,0,0,-1.0,-1.8369701987210297e-16,0.7818314824680297,0.6234898018587336
1,0,1,22.310847,64.1667,6.334568599999999,7466,0,0,1,0,0,-1.0,-1.8369701987210297e-16,0.9749279121818236,-0.22252093395631434
1,0,1,24.0875,63.625,4.876206400000001,7693,0,0,1,0,0,-1.0,-1.8369701987210297e-16,0.43388373911755823,-0.900968867902419
1,0,1,22.55,80.0417,8.333125,7359,0,0,1,1,0,-1.0,-1.8369701987210297e-16,-0.433883739117558,-0.9009688679024191
1,0,1,22.379153,80.7083,8.875289,7444,0,0,1,1,0,-1.0,-1.8369701987210297e-16,-0.9749279121818235,-0.2225209339563146
1,0,0,21.73,72.0,15.791364000000002,7852,0,0,1,1,0,-1.0,-1.8369701987210297e-16,-0.7818314824680299,0.6234898018587334
1,0,0,19.5775,69.4583,26.666535999999997,4459,0,0,1,1,0,-1.0,-1.8369701987210297e-16,0.0,1.0
1,0,1,18.04,88.0,23.9994,22,0,0,1,0,1,-1.0,-1.8369701987210297e-16,0.7818314824680297,0.6234898018587336
1,0,1,13.045461999999999,82.5455,14.271603,1096,0,0,1,1,0,-1.0,-1.8369701987210297e-16,0.9749279121818236,-0.22252093395631434
1,0,1,14.6575,66.6667,11.166689,5566,0,0,1,1,0,-1.0,-1.8369701987210297e-16,0.43388373911755823,-0.900968867902419
1,0,1,14.999153,58.1667,10.542182,5986,0,0,1,1,0,-0.866025403784439,0.4999999999999993,-0.433883739117558,-0.9009688679024191
1,0,1,14.555,52.2083,17.833725,5847,0,0,1,0,0,-0.866025403784439,0.4999999999999993,-0.9749279121818235,-0.2225209339563146
1,0,0,14.076653,49.125,18.125443,5138,0,0,1,1,0,-0.866025403784439,0.4999999999999993,-0.7818314824680299,0.6234898018587334
1,0,0,13.359153,53.2917,12.000236,5107,0,0,1,0,0,-0.866025403784439,0.4999999999999993,0.0,1.0
1,0,1,13.085847,49.4167,15.833775,5259,0,0,1,0,0,-0.866025403784439,0.4999999999999993,0.7818314824680297,0.6234898018587336
1,0,1,11.514153,56.7083,11.625371000000001,5686,0,0,1,0,0,-0.866025403784439,0.4999999999999993,0.9749279121818236,-0.22252093395631434
1,0,1,12.129153,54.75,20.375235999999997,5035,0,0,1,1,0,-0.866025403784439,0.4999999999999993,0.43388373911755823,-0.900968867902419
1,0,1,14.439134,33.3478,23.304945,5315,0,0,1,0,0,-0.866025403784439,0.4999999999999993,-0.433883739117558,-0.9009688679024191
1,0,1,14.828347,54.0833,14.375385999999999,5992,0,0,1,0,0,-0.866025403784439,0.4999999999999993,-0.9749279121818235,-0.2225209339563146
1,0,0,15.955847,64.5417,3.8756686,6536,0,0,1,0,0,-0.866025403784439,0.4999999999999993,-0.7818314824680299,0.6234898018587334
1,0,0,17.254153,65.9167,8.5425,6852,0,0,1,0,0,-0.866025403784439,0.4999999999999993,0.0,1.0
1,1,0,19.885,74.1667,11.625639,6269,0,0,1,0,0,-0.866025403784439,0.4999999999999993,0.7818314824680297,0.6234898018587336
1,0,1,14.076653,66.2917,22.917082,4094,0,0,1,1,0,-0.866025403784439,0.4999999999999993,0.9749279121818236,-0.22252093395631434
1,0,1,11.855847,55.2083,13.374875,5495,0,0,1,0,0,-0.866025403784439,0.4999999999999993,0.43388373911755823,-0.900968867902419
1,0,1,13.188347,62.0417,10.250129,5445,0,0,1,1,0,-0.866025403784439,0.4999999999999993,-0.433883739117558,-0.9009688679024191
1,0,1,14.145,52.4583,11.458675,5698,0,0,1,0,0,-0.866025403784439,0.4999999999999993,-0.9749279121818235,-0.2225209339563146
1,0,0,13.325,54.5417,12.041843,5629,0,0,1,0,0,-0.866025403784439,0.4999999999999993,-0.7818314824680299,0.6234898018587334
1,0,0,14.0425,69.2917,15.250004,4669,0,0,1,0,0,-0.866025403784439,0.4999999999999993,0.0,1.0
1,0,1,15.614153,62.3333,15.749489,5499,0,0,1,1,0,-0.866025403784439,0.4999999999999993,0.7818314824680297,0.6234898018587336
1,0,1,15.340847,68.5,5.542575,5634,0,0,1,1,0,-0.866025403784439,0.4999999999999993,0.9749279121818236,-0.22252093395631434
1,0,1,14.486653,61.375,6.917482000000001,5146,0,0,1,0,0,-0.866025403784439,0.4999999999999993,0.43388373911755823,-0.900968867902419
1,1,0,13.94,58.0417,3.5423436,2425,0,0,1,0,0,-0.866025403784439,0.4999999999999993,-0.433883739117558,-0.9009688679024191
1,0,1,15.101653,56.875,9.917407,3910,0,0,1,0,0,-0.866025403784439,0.4999999999999993,-0.9749279121818235,-0.2225209339563146
1,0,0,11.411653,40.4583,25.250357,2277,0,0,1,0,0,-0.866025403784439,0.4999999999999993,-0.7818314824680299,0.6234898018587334
1,0,0,10.079153,46.8333,10.0835,2424,0,0,1,0,0,-0.866025403784439,0.4999999999999993,0.0,1.0
1,0,1,12.846653,53.5417,3.12555,5087,0,0,1,0,0,-0.866025403784439,0.4999999999999993,0.7818314824680297,0.6234898018587336
1,0,1,11.958347,78.6667,15.916654000000001,3959,0,0,1,1,0,-0.866025403784439,0.4999999999999993,0.9749279121818236,-0.22252093395631434
1,0,1,12.163347,50.625,14.125007,5260,0,0,1,0,0,-0.866025403784439,0.4999999999999993,0.43388373911755823,-0.900968867902419
1,0,1,11.51567,55.5652,7.739974,5323,0,0,1,0,0,-0.866025403784439,0.4999999999999993,-0.433883739117558,-0.9009688679024191
1,0,1,12.231653,64.9583,3.9175436,5668,0,0,1,0,0,-0.866025403784439,0.4999999999999993,-0.9749279121818235,-0.2225209339563146
1,0,0,12.231653,80.6667,4.0001814,5191,0,0,1,1,0,-0.5000000000000004,0.8660254037844384,-0.7818314824680299,0.6234898018587334
1,0,0,14.2475,82.3333,8.333393,4649,0,0,1,1,0,-0.5000000000000004,0.8660254037844384,0.0,1.0
1,0,1,18.5525,76.75,5.5422936,6234,0,0,1,0,0,-0.5000000000000004,0.8660254037844384,0.7818314824680297,0.6234898018587336
1,0,1,19.509153,73.375,11.666642999999999,6606,0,0,1,0,0,-0.5000000000000004,0.8660254037844384,0.9749279121818236,-0.22252093395631434
1,0,1,17.971653,48.5,21.709407000000002,5729,0,0,1,0,0,-0.5000000000000004,0.8660254037844384,0.43388373911755823,-0.900968867902419
1,0,1,10.489153,50.875,11.708518,5375,0,0,1,0,0,-0.5000000000000004,0.8660254037844384,-0.433883739117558,-0.9009688679024191
1,0,1,13.154152999999999,76.4167,8.7502,5008,0,0,1,1,0,-0.5000000000000004,0.8660254037844384,-0.9749279121818235,-0.2225209339563146
1,0,0,15.648347,91.125,6.792393,5582,0,0,1,1,0,-0.5000000000000004,0.8660254037844384,-0.7818314824680299,0.6234898018587334
1,0,0,15.750847,90.5417,10.584325,3228,0,0,1,1,0,-0.5000000000000004,0.8660254037844384,0.0,1.0
1,0,1,17.869153,92.5,12.750636,5170,0,0,1,1,0,-0.5000000000000004,0.8660254037844384,0.7818314824680297,0.6234898018587336
1,0,1,14.486653,59.6667,19.834479,5501,0,0,1,1,0,-0.5000000000000004,0.8660254037844384,0.9749279121818236,-0.22252093395631434
1,0,1,12.1975,53.8333,10.916779,5319,0,0,1,1,0,-0.5000000000000004,0.8660254037844384,0.43388373911755823,-0.900968867902419
1,0,1,12.129153,48.5833,11.666642999999999,5532,0,0,1,0,0,-0.5000000000000004,0.8660254037844384,-0.433883739117558,-0.9009688679024191
1,0,1,11.548347,64.2917,8.792342999999999,5611,0,0,1,0,0,-0.5000000000000004,0.8660254037844384,-0.9749279121818235,-0.2225209339563146
1,0,0,13.290847,65.0417,7.12545,5047,0,0,1,0,0,-0.5000000000000004,0.8660254037844384,-0.7818314824680299,0.6234898018587334
1,0,0,14.8625,83.875,6.749714,3786,0,0,1,1,0,-0.5000000000000004,0.8660254037844384,0.0,1.0
1,0,1,16.126653,90.7083,6.5833061,4585,0,0,1,1,0,-0.5000000000000004,0.8660254037844384,0.7818314824680297,0.6234898018587336
1,0,1,16.844153,66.625,14.834067999999998,5557,0,0,1,0,0,-0.5000000000000004,0.8660254037844384,0.9749279121818236,-0.22252093395631434
1,0,1,13.6325,62.5417,12.334164,5267,0,0,1,0,0,-0.5000000000000004,0.8660254037844384,0.43388373911755823,-0.900968867902419
1,0,1,13.53,66.7917,8.875021,4128,0,0,1,1,0,-0.5000000000000004,0.8660254037844384,-0.433883739117558,-0.9009688679024191
1,0,1,13.393347,55.6667,25.083661,3623,1,0,0,1,0,-0.5000000000000004,0.8660254037844384,-0.9749279121818235,-0.2225209339563146
1,0,0,10.899153,44.125,27.292182,1749,1,0,0,0,0,-0.5000000000000004,0.8660254037844384,-0.7818314824680299,0.6234898018587334
1,0,0,10.079153,51.5417,8.916561,1787,1,0,0,0,0,-0.5000000000000004,0.8660254037844384,0.0,1.0
1,0,1,9.483464,79.1304,5.1744368,920,1,0,0,1,0,-0.5000000000000004,0.8660254037844384,0.7818314824680297,0.6234898018587336
1,1,0,11.943464,73.4783,11.304642,1013,1,0,0,1,0,-0.5000000000000004,0.8660254037844384,0.9749279121818236,-0.22252093395631434
1,0,1,9.976653,82.3333,21.208582,441,1,0,0,0,1,-0.5000000000000004,0.8660254037844384,0.43388373911755823,-0.900968867902419
1,0,1,10.420847,65.2917,23.458910999999997,2114,1,0,0,1,0,-0.5000000000000004,0.8660254037844384,-0.433883739117558,-0.9009688679024191
1,0,1,10.386652999999999,59.0,10.416557000000001,3095,1,0,0,1,0,-0.5000000000000004,0.8660254037844384,-0.9749279121818235,-0.2225209339563146
1,0,0,10.386652999999999,75.2917,8.333661,1341,1,0,0,1,0,-0.5000000000000004,0.8660254037844384,-0.7818314824680299,0.6234898018587334
1,0,0,10.489153,48.3333,23.500518,1796,1,0,0,0,0,-0.5000000000000004,0.8660254037844384,0.0,1.0
1,0,1,8.849153,57.75,10.374682,2729,1,0,0,1,0,-0.5000000000000004,0.8660254037844384,0.7818314824680297,0.6234898018587336
